Date,CBP_Intake,CBP_Custody,CBP_Transferred,HHS_Care,HHS_Discharged,TotalSystemLoad,NetDailyIntake,CareLoadGrowthRate,Backlog14,BacklogLabel,MonthPeriod,HighLoadDay,HighLoadGroup,Rolling7_Load,Rolling14_Load,RollingStd7
2023-01-12,33.0,53.0,34.0,6566.0,436.0,6619.0,-402.0,,-402.0,Backlog Relieving,2023-01,False,1,6619.0,6619.0,
2023-01-22,32.0,49.0,39.0,7122.0,227.0,7171.0,-188.0,8.339628342649942,-590.0,Backlog Relieving,2023-01,False,1,6895.0,6895.0,390.32294321497426
2023-01-23,32.0,50.0,39.0,7280.0,181.0,7330.0,-142.0,2.2172639799191263,-732.0,Backlog Relieving,2023-01,False,1,7040.0,7040.0,373.16350303854745
2023-01-24,47.0,42.0,47.0,7433.0,175.0,7475.0,-128.0,1.9781718963165051,-860.0,Backlog Relieving,2023-01,False,1,7148.75,7148.75,374.3531087088766
2023-01-25,20.0,22.0,41.0,7538.0,180.0,7560.0,-139.0,1.1371237458194017,-999.0,Backlog Relieving,2023-01,False,1,7231.0,7231.0,372.7338192329749
2023-01-29,23.0,45.0,11.0,7472.0,303.0,7517.0,-292.0,-0.5687830687830742,-1291.0,Backlog Relieving,2023-01,False,1,7278.666666666667,7278.666666666667,353.2379745535107
2023-01-30,34.0,54.0,29.0,7743.0,196.0,7797.0,-167.0,3.7248902487694524,-1458.0,Backlog Relieving,2023-01,False,1,7352.714285714285,7352.714285714285,377.3092075410273
2023-01-31,26.0,36.0,36.0,7803.0,158.0,7839.0,-122.0,0.538668718737978,-1580.0,Backlog Relieving,2023-01,False,1,7527.0,7413.5,237.9362659761355
2023-02-01,25.0,32.0,27.0,7903.0,231.0,7935.0,-204.0,1.2246460007653948,-1784.0,Backlog Relieving,2023-02,False,1,7636.142857142857,7471.444444444444,222.120409216433
2023-02-02,15.0,13.0,23.0,7879.0,298.0,7892.0,-275.0,-0.5419029615627013,-2059.0,Backlog Relieving,2023-02,False,1,7716.428571428572,7513.5,192.63251468608564
2023-02-05,16.0,18.0,15.0,7586.0,342.0,7604.0,-327.0,-3.6492650785605707,-2386.0,Backlog Relieving,2023-02,False,1,7734.857142857143,7521.727272727273,170.59643272103347
2023-02-06,11.0,22.0,12.0,7720.0,196.0,7742.0,-184.0,1.8148342977380327,-2570.0,Backlog Relieving,2023-02,False,1,7760.857142857143,7540.083333333333,152.40453686535065
2023-02-07,16.0,20.0,20.0,7855.0,200.0,7875.0,-180.0,1.7179023508137492,-2750.0,Backlog Relieving,2023-02,False,1,7812.0,7565.846153846154,111.51681487560069
2023-02-08,93.0,196.0,169.0,7915.0,317.0,8111.0,-148.0,2.9968253968253977,-2898.0,Backlog Relieving,2023-02,False,1,7856.857142857143,7604.785714285715,157.95930759895634
2023-02-09,124.0,234.0,161.0,7908.0,353.0,8142.0,-192.0,0.3821970163974786,-2688.0,Backlog Relieving,2023-02,False,1,7900.142857142857,7713.571428571428,190.42883935250345
2023-02-12,92.0,203.0,173.0,7434.0,317.0,7637.0,-144.0,-6.202407270940801,-2644.0,Backlog Relieving,2023-02,False,1,7857.571428571428,7746.857142857143,213.276703793338
2023-02-13,186.0,259.0,172.0,7483.0,244.0,7742.0,-72.0,1.3748854262144894,-2574.0,Backlog Relieving,2023-02,False,1,7836.142857142857,7776.285714285715,216.74826302374026
2023-02-14,154.0,225.0,220.0,7794.0,223.0,8019.0,-3.0,3.577886850942913,-2449.0,Backlog Relieving,2023-02,False,1,7895.428571428572,7815.142857142857,198.67130068101022
2023-02-15,91.0,199.0,172.0,7869.0,290.0,8068.0,-118.0,0.6110487591969083,-2428.0,Backlog Relieving,2023-02,False,1,7942.0,7851.428571428572,194.8845812269367
2023-02-16,81.0,213.0,153.0,7793.0,361.0,8006.0,-208.0,-0.7684680218145723,-2344.0,Backlog Relieving,2023-02,False,1,7960.714285714285,7886.357142857143,193.6644127399331
2023-02-20,209.0,285.0,184.0,7817.0,209.0,8102.0,-25.0,1.1991006744941357,-2202.0,Backlog Relieving,2023-02,False,1,7959.428571428572,7908.142857142857,192.52693070741418
2023-02-21,184.0,314.0,217.0,7967.0,213.0,8281.0,4.0,2.209331029375461,-2076.0,Backlog Relieving,2023-02,False,1,7979.285714285715,7939.714285714285,219.74053964142158
2023-02-22,107.0,215.0,230.0,7978.0,232.0,8193.0,-2.0,-1.0626735901461126,-1874.0,Backlog Relieving,2023-02,False,1,8058.714285714285,7958.142857142857,170.32685664696692
2023-02-23,101.0,162.0,178.0,7914.0,386.0,8076.0,-208.0,-1.42804833394361,-1807.0,Backlog Relieving,2023-02,False,1,8106.428571428572,7971.285714285715,98.42231647827964
2023-02-26,99.0,190.0,176.0,7609.0,323.0,7799.0,-147.0,-3.42991579990094,-1627.0,Backlog Relieving,2023-02,False,1,8075.0,7985.214285714285,151.69926389625292
2023-02-27,167.0,239.0,166.0,7800.0,248.0,8039.0,-82.0,3.077317604821128,-1525.0,Backlog Relieving,2023-02,False,1,8070.857142857143,8006.428571428572,152.3170252810713
2023-02-28,115.0,216.0,169.0,7896.0,200.0,8112.0,-31.0,0.9080731434258027,-1376.0,Backlog Relieving,2023-02,False,1,8086.0,8023.357142857143,150.04665940965927
2023-03-01,84.0,158.0,193.0,7930.0,307.0,8088.0,-114.0,-0.295857988165682,-1342.0,Backlog Relieving,2023-03,False,1,8084.0,8021.714285714285,149.89107155975512
2023-03-02,130.0,227.0,192.0,7870.0,335.0,8097.0,-143.0,0.1112759643916883,-1293.0,Backlog Relieving,2023-03,False,1,8057.714285714285,8018.5,123.37438184338126
2023-03-07,88.0,214.0,160.0,7859.0,259.0,8073.0,-99.0,-0.2964060763245624,-1248.0,Backlog Relieving,2023-03,False,1,8040.571428571428,8049.642857142857,108.93554232182801
2023-03-08,113.0,208.0,159.0,7885.0,291.0,8093.0,-132.0,0.24773937817414993,-1308.0,Backlog Relieving,2023-03,False,1,8043.0,8074.714285714285,110.04090148666721
2023-03-09,174.0,285.0,150.0,7786.0,340.0,8071.0,-190.0,-0.27183986160880247,-1495.0,Backlog Relieving,2023-03,False,1,8081.857142857143,8078.428571428572,23.568542391809025
2023-03-13,104.0,230.0,206.0,7567.0,249.0,7797.0,-43.0,-3.3948705240986254,-1420.0,Backlog Relieving,2023-03,False,1,8047.285714285715,8059.071428571428,111.26052652177765
2023-03-14,147.0,276.0,214.0,7810.0,181.0,8086.0,33.0,3.70655380274465,-1179.0,Backlog Relieving,2023-03,False,1,8043.571428571428,8064.785714285715,109.15410687471856
2023-03-15,108.0,220.0,213.0,7915.0,286.0,8135.0,-73.0,0.6059856542171671,-1227.0,Backlog Relieving,2023-03,False,1,8050.285714285715,8067.142857142857,113.69361501525269
2023-03-16,180.0,280.0,146.0,7989.0,308.0,8269.0,-162.0,1.647203441917644,-1393.0,Backlog Relieving,2023-03,False,1,8074.857142857143,8066.285714285715,140.82190711607268
2023-03-19,134.0,294.0,186.0,7885.0,306.0,8179.0,-120.0,-1.0884024670455905,-1511.0,Backlog Relieving,2023-03,False,1,8090.0,8065.285714285715,146.18595463768585
2023-03-20,202.0,313.0,158.0,7931.0,279.0,8244.0,-121.0,0.7947181807066883,-1424.0,Backlog Relieving,2023-03,False,1,8111.571428571428,8077.285714285715,157.41225825080198
2023-03-21,110.0,272.0,193.0,8050.0,221.0,8322.0,-28.0,0.9461426491994107,-1305.0,Backlog Relieving,2023-03,False,1,8147.428571428572,8114.642857142857,174.31088811168303
2023-03-22,166.0,277.0,229.0,8097.0,246.0,8374.0,-17.0,0.6248497957221932,-1240.0,Backlog Relieving,2023-03,False,1,8229.857142857143,8138.571428571428,102.69603785187509
2023-03-23,136.0,276.0,178.0,8102.0,331.0,8378.0,-153.0,0.04776689754000252,-1362.0,Backlog Relieving,2023-03,False,1,8271.57142857143,8157.571428571428,93.40745356206719
2023-03-26,87.0,246.0,173.0,7847.0,352.0,8093.0,-179.0,-3.4017665313917367,-1427.0,Backlog Relieving,2023-03,False,1,8265.57142857143,8157.928571428572,104.35014317646991
2023-03-27,84.0,171.0,157.0,7994.0,235.0,8165.0,-78.0,0.8896577289015273,-1362.0,Backlog Relieving,2023-03,False,1,8250.714285714286,8162.785714285715,110.97404243892164
2023-03-28,167.0,209.0,157.0,8079.0,223.0,8288.0,-66.0,1.5064298836497292,-1329.0,Backlog Relieving,2023-03,False,1,8266.285714285714,8178.142857142857,106.80311213584628
2023-03-29,109.0,245.0,159.0,8208.0,267.0,8453.0,-108.0,1.9908301158301223,-1305.0,Backlog Relieving,2023-03,False,1,8296.142857142857,8203.857142857143,126.86400667830634
2023-03-30,156.0,256.0,176.0,8158.0,359.0,8414.0,-183.0,-0.4613746598840618,-1298.0,Backlog Relieving,2023-03,False,1,8309.285714285714,8228.357142857143,134.5234976818864
2023-04-02,125.0,232.0,192.0,7981.0,304.0,8213.0,-112.0,-2.388875683384839,-1367.0,Backlog Relieving,2023-04,False,1,8286.285714285714,8258.07142857143,135.3756677862335
2023-04-03,118.0,139.0,168.0,8054.0,284.0,8193.0,-116.0,-0.24351637647631597,-1516.0,Backlog Relieving,2023-04,False,1,8259.857142857143,8265.714285714286,132.51468921270686
2023-04-04,142.0,235.0,139.0,8068.0,259.0,8303.0,-120.0,1.3426095447333086,-1563.0,Backlog Relieving,2023-04,False,1,8289.857142857143,8277.714285714286,110.36368450328217
2023-04-05,148.0,245.0,175.0,8175.0,260.0,8420.0,-85.0,1.4091292303986425,-1486.0,Backlog Relieving,2023-04,False,1,8326.285714285714,8288.5,104.19487237176413
2023-04-06,119.0,219.0,210.0,8178.0,284.0,8397.0,-74.0,-0.2731591448931092,-1440.0,Backlog Relieving,2023-04,False,1,8341.857142857143,8304.07142857143,105.65419785226784
2023-04-09,105.0,210.0,149.0,7900.0,329.0,8110.0,-180.0,-3.4178873407169186,-1499.0,Backlog Relieving,2023-04,False,1,8292.857142857143,8294.5,123.54139464354955
2023-04-10,143.0,203.0,163.0,7826.0,265.0,8029.0,-102.0,-0.998766954377317,-1573.0,Backlog Relieving,2023-04,False,1,8237.857142857143,8273.57142857143,144.5365335263272
2023-04-11,119.0,209.0,152.0,7922.0,187.0,8131.0,-35.0,1.2703948187819059,-1591.0,Backlog Relieving,2023-04,False,1,8226.142857142857,8256.214285714286,150.10266328019364
2023-04-12,155.0,212.0,181.0,7876.0,283.0,8088.0,-102.0,-0.5288402410527637,-1540.0,Backlog Relieving,2023-04,False,1,8211.142857142857,8235.5,158.95222402913186
2023-04-13,109.0,214.0,173.0,7795.0,370.0,8009.0,-197.0,-0.97675568743818,-1558.0,Backlog Relieving,2023-04,False,1,8169.142857142857,8229.5,169.15025723837275
2023-04-16,191.0,283.0,192.0,7380.0,272.0,7663.0,-80.0,-4.320139842676984,-1560.0,Backlog Relieving,2023-04,False,1,8061.0,8193.642857142857,217.2011356630816
2023-04-17,170.0,297.0,196.0,7344.0,248.0,7641.0,-52.0,-0.2870938274827095,-1546.0,Backlog Relieving,2023-04,False,1,7953.0,8147.428571428572,210.1245662299707
2023-04-18,152.0,272.0,214.0,7376.0,234.0,7648.0,-20.0,0.0916110456746555,-1458.0,Backlog Relieving,2023-04,False,1,7887.0,8089.928571428572,224.64713070354114
2023-04-19,239.0,367.0,224.0,7356.0,229.0,7723.0,-5.0,0.9806485355648542,-1280.0,Backlog Relieving,2023-04,False,1,7843.285714285715,8040.571428571428,222.16864036561438
2023-04-20,113.0,280.0,237.0,7490.0,320.0,7770.0,-83.0,0.6085717985238936,-1251.0,Backlog Relieving,2023-04,False,1,7791.714285714285,8008.928571428572,182.63233949268906
2023-04-23,196.0,306.0,187.0,7534.0,266.0,7840.0,-79.0,0.9009009009008917,-1214.0,Backlog Relieving,2023-04,False,1,7756.285714285715,7983.714285714285,132.8454167892383
2023-04-24,236.0,330.0,222.0,7796.0,213.0,8126.0,9.0,3.647959183673466,-1085.0,Backlog Relieving,2023-04,False,1,7773.0,7971.071428571428,171.6372143019538
2023-04-25,81.0,230.0,242.0,8017.0,202.0,8247.0,40.0,1.4890475018459304,-960.0,Backlog Relieving,2023-04,False,1,7856.428571428572,7958.714285714285,238.26096137279038
2023-04-26,118.0,245.0,160.0,8117.0,256.0,8362.0,-96.0,1.3944464653813604,-982.0,Backlog Relieving,2023-04,False,1,7959.428571428572,7956.214285714285,281.52552113017845
2023-04-27,218.0,283.0,208.0,8159.0,310.0,8442.0,-102.0,0.9567089213107005,-904.0,Backlog Relieving,2023-04,False,1,8072.857142857143,7979.928571428572,294.7781247941257
2023-04-30,132.0,243.0,183.0,8352.0,293.0,8595.0,-110.0,1.8123667377398789,-912.0,Backlog Relieving,2023-04,False,1,8197.42857142857,8020.357142857143,306.31457531044117
2023-05-01,224.0,315.0,152.0,8492.0,237.0,8807.0,-85.0,2.4665503199534644,-962.0,Backlog Relieving,2023-05,False,1,8345.57142857143,8068.642857142857,315.76091015347004
2023-05-02,167.0,326.0,213.0,8654.0,245.0,8980.0,-32.0,1.964346542522999,-892.0,Backlog Relieving,2023-05,False,1,8508.42857142857,8132.357142857143,305.3603647838827
2023-05-03,209.0,353.0,232.0,8704.0,267.0,9057.0,-35.0,0.8574610244988845,-730.0,Backlog Relieving,2023-05,False,1,8641.42857142857,8207.214285714286,313.66800768903926
2023-05-04,153.0,253.0,286.0,8790.0,332.0,9043.0,-46.0,-0.15457657060836683,-696.0,Backlog Relieving,2023-05,False,1,8755.142857142857,8305.785714285714,290.25702895388065
2023-05-07,180.0,337.0,219.0,8485.0,375.0,8822.0,-156.0,-2.4438792436138446,-800.0,Backlog Relieving,2023-05,False,1,8820.857142857143,8390.142857142857,232.79993454423476
2023-05-08,133.0,287.0,189.0,8590.0,261.0,8877.0,-72.0,0.6234413965087171,-852.0,Backlog Relieving,2023-05,False,1,8883.0,8477.92857142857,162.15321972337344
2023-05-09,187.0,310.0,247.0,8606.0,250.0,8916.0,-3.0,0.4393376140588101,-850.0,Backlog Relieving,2023-05,False,1,8928.857142857143,8563.142857142857,100.9842043281974
2023-05-10,168.0,285.0,210.0,8681.0,304.0,8966.0,-94.0,0.56078959174517,-861.0,Backlog Relieving,2023-05,False,1,8951.57142857143,8648.57142857143,85.73769521594201
2023-05-11,269.0,412.0,204.0,8672.0,392.0,9084.0,-188.0,1.3160829801472262,-970.0,Backlog Relieving,2023-05,False,1,8966.42857142857,8737.42857142857,99.40633303571889
2023-05-14,100.0,255.0,236.0,8445.0,288.0,8700.0,-52.0,-4.227212681638049,-1031.0,Backlog Relieving,2023-05,False,1,8915.42857142857,8778.42857142857,131.56982574894917
2023-05-15,205.0,294.0,177.0,8571.0,277.0,8865.0,-100.0,1.8965517241379404,-1171.0,Backlog Relieving,2023-05,False,1,8890.0,8822.57142857143,119.44733846619071
2023-05-16,161.0,304.0,211.0,8572.0,272.0,8876.0,-61.0,0.12408347433727762,-1136.0,Backlog Relieving,2023-05,False,1,8897.714285714286,8859.285714285714,116.018266213679
2023-05-17,57.0,162.0,193.0,8569.0,307.0,8731.0,-114.0,-1.6336187471834185,-1148.0,Backlog Relieving,2023-05,False,1,8876.857142857143,8879.92857142857,132.33849096338668
2023-05-18,80.0,122.0,152.0,8474.0,351.0,8596.0,-199.0,-1.5462146374985664,-1237.0,Backlog Relieving,2023-05,False,1,8831.142857142857,8880.0,167.23280038258073
2023-05-21,107.0,170.0,133.0,7826.0,343.0,7996.0,-210.0,-6.979990693345739,-1362.0,Backlog Relieving,2023-05,False,1,8692.57142857143,8822.07142857143,344.6408068036599
2023-05-22,99.0,156.0,139.0,7848.0,240.0,8004.0,-101.0,0.10005002501249916,-1431.0,Backlog Relieving,2023-05,False,1,8538.285714285714,8752.357142857143,380.12046962583474
2023-05-23,25.0,66.0,94.0,7788.0,246.0,7854.0,-152.0,-1.874062968515744,-1548.0,Backlog Relieving,2023-05,False,1,8417.42857142857,8666.42857142857,448.478857600089
2023-05-24,35.0,70.0,53.0,7709.0,276.0,7779.0,-223.0,-0.9549274255156615,-1725.0,Backlog Relieving,2023-05,False,1,8262.285714285714,8576.142857142857,455.62876492663236
2023-05-25,43.0,73.0,64.0,7546.0,408.0,7619.0,-344.0,-2.056819642627583,-1913.0,Backlog Relieving,2023-05,False,1,8082.714285714285,8490.214285714286,419.72916437694727
2023-05-29,41.0,60.0,71.0,6996.0,207.0,7056.0,-136.0,-7.389421183882394,-1977.0,Backlog Relieving,2023-05,False,1,7843.428571428572,8360.142857142857,463.69884520841845
2023-05-30,65.0,83.0,65.0,7046.0,168.0,7129.0,-103.0,1.0345804988662222,-2077.0,Backlog Relieving,2023-05,False,1,7633.857142857143,8232.5,393.0018781004491
2023-05-31,38.0,80.0,82.0,7053.0,210.0,7133.0,-128.0,0.05610885117126596,-2111.0,Backlog Relieving,2023-05,False,1,7510.571428571428,8101.571428571428,395.8151324136363
2023-06-01,56.0,82.0,68.0,7002.0,287.0,7084.0,-219.0,-0.6869479882237517,-2142.0,Backlog Relieving,2023-06,False,1,7379.142857142857,7958.714285714285,355.339006476655
2023-06-04,74.0,103.0,80.0,6555.0,292.0,6658.0,-212.0,-6.013551665725581,-2302.0,Backlog Relieving,2023-06,False,1,7208.285714285715,7812.857142857143,375.90056942660607
2023-06-05,68.0,107.0,102.0,6523.0,189.0,6630.0,-87.0,-0.4205467107239458,-2289.0,Backlog Relieving,2023-06,False,1,7044.142857142857,7653.214285714285,333.6432368920731
2023-06-06,92.0,124.0,93.0,6508.0,187.0,6632.0,-94.0,0.030165912518853588,-2322.0,Backlog Relieving,2023-06,False,1,6903.142857142857,7492.928571428572,247.7030672475045
2023-06-07,113.0,162.0,107.0,6483.0,208.0,6645.0,-101.0,0.19601930036188264,-2309.0,Backlog Relieving,2023-06,False,1,6844.428571428572,7343.928571428572,254.06092257756853
2023-06-08,106.0,196.0,131.0,6446.0,255.0,6642.0,-124.0,-0.04514672686229959,-2234.0,Backlog Relieving,2023-06,False,1,6774.857142857143,7204.357142857143,228.54498358927762
2023-06-11,86.0,152.0,168.0,6007.0,238.0,6159.0,-70.0,-7.271906052393861,-2094.0,Backlog Relieving,2023-06,False,1,6635.714285714285,7073.142857142857,267.35913068739586
2023-06-12,84.0,118.0,136.0,6021.0,177.0,6139.0,-41.0,-0.32472804026627555,-2034.0,Backlog Relieving,2023-06,False,1,6500.714285714285,6939.928571428572,240.51175597446698
2023-06-13,59.0,64.0,117.0,6061.0,146.0,6125.0,-29.0,-0.22805017103763037,-1911.0,Backlog Relieving,2023-06,False,1,6424.571428571428,6816.428571428572,265.4912786658663
2023-06-14,62.0,97.0,52.0,6065.0,167.0,6162.0,-115.0,0.604081632653064,-1803.0,Backlog Relieving,2023-06,False,1,6357.714285714285,6700.928571428572,264.06041877177097
2023-06-15,91.0,75.0,97.0,6038.0,272.0,6113.0,-175.0,-0.7951963648166194,-1634.0,Backlog Relieving,2023-06,False,1,6283.571428571428,6593.357142857143,246.4885779253027
2023-06-19,29.0,51.0,11.0,5679.0,142.0,5730.0,-131.0,-6.265336168820546,-1629.0,Backlog Relieving,2023-06,False,1,6152.857142857143,6498.642857142857,264.81026451120863
2023-06-20,33.0,53.0,34.0,5904.0,134.0,5957.0,-100.0,3.961605584642225,-1626.0,Backlog Relieving,2023-06,False,1,6055.0,6414.928571428572,159.5900999436398
2023-06-21,93.0,196.0,169.0,5922.0,149.0,6118.0,20.0,2.7027027027026973,-1478.0,Backlog Relieving,2023-06,False,1,6049.142857142857,6342.428571428572,155.84546680552026
2023-06-22,124.0,234.0,161.0,5956.0,207.0,6190.0,-46.0,1.1768551814318462,-1305.0,Backlog Relieving,2023-06,False,1,6056.428571428572,6278.571428571428,161.82383131347902
2023-06-25,92.0,203.0,173.0,5766.0,263.0,5969.0,-90.0,-3.5702746365104954,-1183.0,Backlog Relieving,2023-06,False,1,6034.142857142857,6229.357142857143,161.54816471823708
2023-06-26,186.0,259.0,172.0,5819.0,174.0,6078.0,-2.0,1.8261015245434775,-1098.0,Backlog Relieving,2023-06,False,1,6022.142857142857,6189.928571428572,153.3812554513451
2023-06-27,154.0,225.0,220.0,5917.0,155.0,6142.0,65.0,1.0529779532741035,-939.0,Backlog Relieving,2023-06,False,1,6026.285714285715,6154.928571428572,156.60216504014016
2023-06-28,91.0,199.0,172.0,5999.0,174.0,6198.0,-2.0,0.9117551286226044,-840.0,Backlog Relieving,2023-06,False,1,6093.142857142857,6123.0,97.9428890927256
2023-06-29,81.0,213.0,153.0,6058.0,213.0,6271.0,-60.0,1.177799290093584,-776.0,Backlog Relieving,2023-06,False,1,6138.0,6096.5,97.09960521728811
2023-07-02,209.0,285.0,184.0,5903.0,309.0,6188.0,-125.0,-1.3235528623823933,-831.0,Backlog Relieving,2023-07,False,1,6148.0,6098.571428571428,98.2937773548581
2023-07-04,184.0,314.0,217.0,6127.0,124.0,6441.0,93.0,4.088558500323214,-697.0,Backlog Relieving,2023-07,False,1,6183.857142857143,6120.142857142857,148.91544420854677
2023-07-05,107.0,215.0,230.0,6193.0,167.0,6408.0,63.0,-0.5123428039124356,-605.0,Backlog Relieving,2023-07,False,1,6246.571428571428,6140.357142857143,135.15405671912887
2023-07-06,101.0,162.0,178.0,6239.0,205.0,6401.0,-27.0,-0.10923845193507864,-517.0,Backlog Relieving,2023-07,False,1,6292.714285714285,6157.428571428572,122.56116063115569
2023-07-09,99.0,190.0,176.0,6214.0,196.0,6404.0,-20.0,0.04686767692547722,-362.0,Backlog Relieving,2023-07,False,1,6330.142857142857,6178.214285714285,108.00529087577229
2023-07-10,167.0,239.0,166.0,6346.0,163.0,6585.0,3.0,2.826358525921302,-228.0,Backlog Relieving,2023-07,False,1,6385.428571428572,6239.285714285715,126.54756305161429
2023-07-11,115.0,216.0,169.0,6498.0,143.0,6714.0,26.0,1.9589977220956678,-102.0,Backlog Relieving,2023-07,False,1,6448.714285714285,6293.357142857143,164.78037331122667
2023-07-12,84.0,158.0,193.0,6521.0,210.0,6679.0,-17.0,-0.5212987786714307,-139.0,Backlog Relieving,2023-07,False,1,6518.857142857143,6333.428571428572,137.55899167444917
2023-07-13,130.0,227.0,192.0,6604.0,226.0,6831.0,-34.0,2.2757897888905587,-127.0,Backlog Relieving,2023-07,False,1,6574.571428571428,6379.214285714285,174.7272704749701
2023-07-16,88.0,214.0,160.0,6468.0,218.0,6682.0,-58.0,-2.1812326160152273,-95.0,Backlog Relieving,2023-07,False,1,6613.714285714285,6430.142857142857,161.3729782065508
2023-07-17,113.0,208.0,159.0,6632.0,160.0,6840.0,-1.0,2.3645615085303717,-94.0,Backlog Relieving,2023-07,False,1,6676.428571428572,6484.571428571428,149.81862049702687
2023-07-18,174.0,285.0,150.0,6874.0,181.0,7159.0,-31.0,4.66374269005847,-190.0,Backlog Relieving,2023-07,False,1,6784.285714285715,6557.214285714285,187.9270375134548
2023-07-19,104.0,230.0,206.0,7001.0,226.0,7231.0,-20.0,1.005727056851513,-208.0,Backlog Relieving,2023-07,False,1,6876.571428571428,6631.0,228.0795600537166
2023-07-20,147.0,276.0,214.0,7116.0,281.0,7392.0,-67.0,2.2265246853823806,-215.0,Backlog Relieving,2023-07,False,1,6973.428571428572,6711.071428571428,284.5141221702292
2023-07-23,108.0,220.0,213.0,7052.0,276.0,7272.0,-63.0,-1.6233766233766267,-153.0,Backlog Relieving,2023-07,False,1,7058.142857142857,6788.5,270.1576259466915
2023-07-24,180.0,280.0,146.0,7220.0,187.0,7500.0,-41.0,3.1353135313531455,-287.0,Backlog Relieving,2023-07,False,1,7153.714285714285,6864.142857142857,293.71682183453504
2023-07-25,134.0,294.0,186.0,7510.0,136.0,7804.0,50.0,4.053333333333331,-300.0,Backlog Relieving,2023-07,False,1,7314.0,6963.857142857143,299.48121810892684
2023-07-26,202.0,313.0,158.0,7647.0,215.0,7960.0,-57.0,1.9989748846745314,-330.0,Backlog Relieving,2023-07,False,1,7474.0,7075.214285714285,303.1979551382307
2023-07-27,110.0,272.0,193.0,7754.0,259.0,8026.0,-66.0,0.8291457286432102,-376.0,Backlog Relieving,2023-07,False,1,7597.857142857143,7191.071428571428,329.0564432694577
2023-07-30,166.0,277.0,229.0,7671.0,305.0,7948.0,-76.0,-0.9718415150759996,-455.0,Backlog Relieving,2023-07,False,1,7700.285714285715,7288.428571428572,306.66035190186074
2023-07-31,136.0,276.0,178.0,7800.0,220.0,8076.0,-42.0,1.610468042274782,-523.0,Backlog Relieving,2023-07,False,1,7798.0,7385.714285714285,300.9784045409244
2023-08-01,87.0,246.0,173.0,8103.0,168.0,8349.0,5.0,3.3803863298662806,-501.0,Backlog Relieving,2023-08,False,1,7951.857142857143,7505.0,259.72705453445
2023-08-02,84.0,171.0,157.0,8261.0,271.0,8432.0,-114.0,0.9941310336567311,-581.0,Backlog Relieving,2023-08,False,1,8085.0,7619.357142857143,226.20860578972207
2023-08-03,167.0,209.0,157.0,8294.0,339.0,8503.0,-182.0,0.8420303605312984,-705.0,Backlog Relieving,2023-08,False,1,8184.857142857143,7749.428571428572,235.57902323948866
2023-08-06,109.0,245.0,159.0,8298.0,322.0,8543.0,-163.0,0.4704222039280337,-867.0,Backlog Relieving,2023-08,False,1,8268.142857142857,7871.071428571428,245.67419384991146
2023-08-07,156.0,256.0,176.0,8493.0,202.0,8749.0,-26.0,2.4113309141987616,-862.0,Backlog Relieving,2023-08,False,1,8371.42857142857,7984.642857142857,276.90242393476007
2023-08-08,125.0,232.0,192.0,8725.0,207.0,8957.0,-15.0,2.3774145616641817,-857.0,Backlog Relieving,2023-08,False,1,8515.57142857143,8107.928571428572,282.3153420927457
2023-08-09,118.0,139.0,168.0,8888.0,251.0,9027.0,-83.0,0.7815116668527411,-873.0,Backlog Relieving,2023-08,False,1,8651.42857142857,8224.714285714286,263.7384165815486
2023-08-10,142.0,235.0,139.0,8914.0,353.0,9149.0,-214.0,1.3515010523983628,-1024.0,Backlog Relieving,2023-08,False,1,8765.714285714286,8358.785714285714,283.4411839551434
2023-08-16,148.0,245.0,175.0,9634.0,288.0,9879.0,-113.0,7.979014099901627,-1096.0,Backlog Relieving,2023-08,False,1,8972.42857142857,8528.714285714286,467.432297109366
2023-08-17,119.0,219.0,210.0,9694.0,407.0,9913.0,-197.0,0.34416438910820357,-1343.0,Backlog Relieving,2023-08,False,1,9173.857142857143,8679.357142857143,530.9197769190688
2023-08-20,105.0,210.0,149.0,9483.0,390.0,9693.0,-241.0,-2.219307979420959,-1527.0,Backlog Relieving,2023-08,False,1,9338.142857142857,8803.142857142857,478.5141685716239
2023-08-21,143.0,203.0,163.0,9668.0,281.0,9871.0,-118.0,1.8363767667388897,-1579.0,Backlog Relieving,2023-08,False,1,9498.42857142857,8934.92857142857,434.13932369797374
2023-08-22,119.0,209.0,152.0,9921.0,230.0,10130.0,-78.0,2.623847634484844,-1581.0,Backlog Relieving,2023-08,True,2,9666.0,9090.785714285714,416.3408059110317
2023-08-23,155.0,212.0,181.0,10071.0,285.0,10283.0,-104.0,1.5103652517275412,-1643.0,Backlog Relieving,2023-08,True,2,9845.42857142857,9248.42857142857,362.1794477616482
2023-08-24,109.0,214.0,173.0,10026.0,443.0,10240.0,-270.0,-0.41816590489156535,-1918.0,Backlog Relieving,2023-08,True,2,10001.285714285714,9383.5,218.96629442728775
2023-08-27,191.0,283.0,192.0,9873.0,488.0,10156.0,-296.0,-0.8203124999999978,-2100.0,Backlog Relieving,2023-08,True,2,10040.857142857143,9506.642857142857,218.21199827336642
2023-08-28,170.0,297.0,196.0,10012.0,388.0,10309.0,-192.0,1.5064986215045373,-2110.0,Backlog Relieving,2023-08,True,2,10097.42857142857,9635.642857142857,230.524660389292
2023-08-29,152.0,272.0,214.0,10180.0,286.0,10452.0,-72.0,1.387137452711218,-2019.0,Backlog Relieving,2023-08,True,2,10205.857142857143,9772.0,181.98482406633636
2023-08-30,239.0,367.0,224.0,10280.0,366.0,10647.0,-142.0,1.8656716417910557,-2135.0,Backlog Relieving,2023-08,True,2,10316.714285714286,9907.57142857143,180.3530928351857
2023-08-31,113.0,280.0,237.0,10140.0,505.0,10420.0,-268.0,-2.1320559782098236,-2388.0,Backlog Relieving,2023-08,True,2,10358.142857142857,10012.07142857143,162.76509512317182
2023-09-04,196.0,306.0,187.0,9988.0,293.0,10294.0,-106.0,-1.2092130518234212,-2411.0,Backlog Relieving,2023-09,True,2,10359.714285714286,10102.57142857143,161.9698678619485
2023-09-05,236.0,330.0,222.0,10142.0,243.0,10472.0,-21.0,1.7291626190013565,-2218.0,Backlog Relieving,2023-09,True,2,10392.857142857143,10197.07142857143,157.05246317856745
2023-09-06,81.0,230.0,242.0,10356.0,291.0,10586.0,-49.0,1.0886172650878434,-2154.0,Backlog Relieving,2023-09,True,2,10454.285714285714,10247.57142857143,130.88253548589802
2023-09-07,118.0,245.0,160.0,10419.0,398.0,10664.0,-238.0,0.7368222180238027,-2195.0,Backlog Relieving,2023-09,True,2,10505.0,10301.214285714286,133.94650673550967
2023-09-10,218.0,283.0,208.0,10282.0,382.0,10565.0,-174.0,-0.9283570892723136,-2128.0,Backlog Relieving,2023-09,True,2,10521.142857142857,10363.5,133.30219874576508
2023-09-11,132.0,243.0,183.0,10492.0,277.0,10735.0,-94.0,1.6090866067203002,-2104.0,Backlog Relieving,2023-09,True,2,10533.714285714286,10425.214285714286,150.2250692412912
2023-09-12,224.0,315.0,152.0,10649.0,316.0,10964.0,-164.0,2.133209129017244,-2190.0,Backlog Relieving,2023-09,True,2,10611.42857142857,10484.785714285714,210.29491762981837
2023-09-13,167.0,326.0,213.0,10678.0,343.0,11004.0,-130.0,0.36483035388543694,-2216.0,Backlog Relieving,2023-09,True,2,10712.857142857143,10536.285714285714,202.7645831758016
2023-09-14,209.0,353.0,232.0,10837.0,414.0,11190.0,-182.0,1.6902944383860419,-2128.0,Backlog Relieving,2023-09,True,2,10815.42857142857,10604.142857142857,238.9866503543663
2023-09-17,153.0,253.0,286.0,10799.0,427.0,11052.0,-141.0,-1.2332439678284235,-1973.0,Backlog Relieving,2023-09,True,2,10882.0,10668.142857142857,229.12660255845768
2023-09-18,180.0,337.0,219.0,10892.0,313.0,11229.0,-94.0,1.601520086862096,-1875.0,Backlog Relieving,2023-09,True,2,10962.714285714286,10733.857142857143,238.8428453227905
2023-09-19,133.0,287.0,189.0,11095.0,260.0,11382.0,-71.0,1.362543414373496,-1874.0,Backlog Relieving,2023-09,True,2,11079.42857142857,10800.285714285714,209.9776632111165
2023-09-20,187.0,310.0,247.0,11064.0,364.0,11374.0,-117.0,-0.07028641714988959,-1849.0,Backlog Relieving,2023-09,True,2,11170.714285714286,10852.214285714286,170.46672626024997
2023-09-21,168.0,285.0,210.0,11067.0,428.0,11352.0,-218.0,-0.19342359767892114,-1799.0,Backlog Relieving,2023-09,True,2,11226.142857142857,10918.785714285714,154.37014885373833
2023-09-24,269.0,412.0,204.0,10744.0,403.0,11156.0,-199.0,-1.7265680056377741,-1892.0,Backlog Relieving,2023-09,True,2,11247.857142857143,10980.357142857143,125.99792137356386
2023-09-25,100.0,255.0,236.0,10842.0,284.0,11097.0,-48.0,-0.5288633918967389,-1919.0,Backlog Relieving,2023-09,True,2,11234.57142857143,11025.0,137.4940691360962
2023-09-26,205.0,294.0,177.0,10978.0,332.0,11272.0,-155.0,1.5770027935477993,-2025.0,Backlog Relieving,2023-09,True,2,11266.0,11074.0,111.4914047508416
2023-09-27,161.0,304.0,211.0,11017.0,331.0,11321.0,-120.0,0.434705464868701,-1907.0,Backlog Relieving,2023-09,True,2,11279.142857142857,11120.92857142857,111.82490565071912
2023-09-28,57.0,162.0,193.0,10984.0,447.0,11146.0,-254.0,-1.545799841003448,-1987.0,Backlog Relieving,2023-09,True,2,11245.42857142857,11162.42857142857,111.22028763195576
2023-10-01,80.0,122.0,152.0,10598.0,493.0,10720.0,-341.0,-3.8219989233805873,-2234.0,Backlog Relieving,2023-10,True,2,11152.0,11161.357142857143,213.17520180980068
2023-10-02,107.0,170.0,133.0,10724.0,284.0,10894.0,-151.0,1.6231343283582111,-2221.0,Backlog Relieving,2023-10,True,2,11086.57142857143,11156.357142857143,211.84102305172513
2023-10-03,99.0,156.0,139.0,10818.0,287.0,10974.0,-148.0,0.7343491830365423,-2239.0,Backlog Relieving,2023-10,True,2,11060.57142857143,11154.214285714286,213.06482358099723
2023-10-04,25.0,66.0,94.0,10963.0,330.0,11029.0,-236.0,0.5011846181884438,-2293.0,Backlog Relieving,2023-10,True,2,11050.857142857143,11142.714285714286,212.6769291447913
2023-10-05,35.0,70.0,53.0,11130.0,427.0,11200.0,-374.0,1.5504578837610028,-2526.0,Backlog Relieving,2023-10,True,2,11040.57142857143,11153.285714285714,201.65470251794622
2023-10-09,43.0,73.0,64.0,10815.0,282.0,10888.0,-218.0,-2.7857142857142803,-2650.0,Backlog Relieving,2023-10,True,2,10978.714285714286,11128.92857142857,164.23632798060729
2023-10-10,41.0,60.0,71.0,10910.0,257.0,10970.0,-186.0,0.7531227038942045,-2765.0,Backlog Relieving,2023-10,True,2,10953.57142857143,11099.5,146.9170481857063
2023-10-11,65.0,83.0,65.0,10960.0,266.0,11043.0,-201.0,0.6654512306289773,-2849.0,Backlog Relieving,2023-10,True,2,10999.714285714286,11075.857142857143,106.49368414083067
2023-10-12,38.0,80.0,82.0,10992.0,398.0,11072.0,-316.0,0.2626097980621189,-2947.0,Backlog Relieving,2023-10,True,2,11025.142857142857,11055.857142857143,97.95309859209064
2023-10-15,56.0,82.0,68.0,10571.0,434.0,10653.0,-366.0,-3.7843208092485536,-3114.0,Backlog Relieving,2023-10,True,2,10979.285714285714,11019.92857142857,172.58979719328818
2023-10-16,74.0,103.0,80.0,10629.0,331.0,10732.0,-251.0,0.7415751431521622,-3317.0,Backlog Relieving,2023-10,True,2,10936.857142857143,10993.857142857143,193.56345089864402
2023-10-17,68.0,107.0,102.0,10630.0,315.0,10737.0,-213.0,0.04658963846440045,-3375.0,Backlog Relieving,2023-10,True,2,10870.714285714286,10955.642857142857,165.76862819973016
2023-10-18,92.0,124.0,93.0,10511.0,393.0,10635.0,-300.0,-0.9499860296172113,-3555.0,Backlog Relieving,2023-10,True,2,10834.57142857143,10906.642857142857,187.52498246260785
2023-10-19,113.0,162.0,107.0,10319.0,406.0,10481.0,-299.0,-1.4480488951574944,-3600.0,Backlog Relieving,2023-10,True,2,10764.714285714286,10859.142857142857,217.37273233293806
2023-10-22,106.0,196.0,131.0,9506.0,454.0,9702.0,-323.0,-7.432496899150842,-3582.0,Backlog Relieving,2023-10,False,3,10573.142857142857,10786.42857142857,423.9746173893653
2023-10-23,86.0,152.0,168.0,9436.0,327.0,9588.0,-159.0,-1.1750154607297447,-3590.0,Backlog Relieving,2023-10,False,3,10361.142857142857,10693.142857142857,497.5886616377614
2023-10-24,84.0,118.0,136.0,9396.0,300.0,9514.0,-164.0,-0.7717980809345049,-3606.0,Backlog Relieving,2023-10,False,3,10198.42857142857,10588.857142857143,567.5540670699147
2023-10-25,59.0,64.0,117.0,9351.0,293.0,9415.0,-176.0,-1.0405717889426125,-3546.0,Backlog Relieving,2023-10,False,3,10010.285714285714,10473.57142857143,579.3650876277296
2023-10-26,62.0,97.0,52.0,9235.0,390.0,9332.0,-338.0,-0.8815719596388716,-3510.0,Backlog Relieving,2023-10,False,3,9809.57142857143,10340.142857142857,526.6146146670582
2023-10-29,91.0,75.0,97.0,8925.0,418.0,9000.0,-321.0,-3.557651093013292,-3613.0,Backlog Relieving,2023-10,False,3,9576.0,10205.285714285714,457.5518185589996
2023-10-30,29.0,51.0,11.0,9026.0,278.0,9077.0,-267.0,0.855555555555565,-3694.0,Backlog Relieving,2023-10,False,3,9375.42857142857,10070.07142857143,259.64582103498697
2023-10-31,33.0,53.0,34.0,9072.0,295.0,9125.0,-261.0,0.5288090778891696,-3754.0,Backlog Relieving,2023-10,False,3,9293.0,9933.07142857143,228.40023350830046
2023-11-01,132.0,235.0,197.0,9250.0,279.0,9485.0,-82.0,3.945205479452052,-3520.0,Backlog Relieving,2023-11,False,3,9278.285714285714,9819.714285714286,208.69572291229198
2023-11-02,174.0,208.0,256.0,9442.0,330.0,9650.0,-74.0,1.7395888244596813,-3228.0,Backlog Relieving,2023-11,False,3,9297.714285714286,9748.07142857143,238.49927622926745
2023-11-05,123.0,230.0,167.0,9273.0,370.0,9503.0,-203.0,-1.523316062176161,-3180.0,Backlog Relieving,2023-11,False,3,9310.285714285714,9660.285714285714,247.84787961278036
2023-11-06,123.0,233.0,159.0,9286.0,316.0,9519.0,-157.0,0.1683678838261704,-3124.0,Backlog Relieving,2023-11,False,3,9337.0,9573.285714285714,260.34144246862974
2023-11-07,141.0,232.0,188.0,9483.0,231.0,9715.0,-43.0,2.0590398151066225,-2867.0,Backlog Relieving,2023-11,False,3,9439.142857142857,9507.57142857143,245.95014980775608
2023-11-08,158.0,226.0,191.0,9634.0,310.0,9860.0,-119.0,1.4925373134328401,-2687.0,Backlog Relieving,2023-11,False,3,9551.0,9463.214285714286,231.4224132043315
2023-11-12,96.0,160.0,233.0,9477.0,313.0,9637.0,-80.0,-2.2616632860040564,-2444.0,Backlog Relieving,2023-11,False,3,9624.142857142857,9458.57142857143,135.28294863160025
2023-11-13,141.0,173.0,129.0,9510.0,287.0,9683.0,-158.0,0.4773269689737569,-2443.0,Backlog Relieving,2023-11,False,3,9652.42857142857,9465.357142857143,121.3203158898106
2023-11-14,116.0,181.0,182.0,9665.0,247.0,9846.0,-65.0,1.6833625942373143,-2344.0,Backlog Relieving,2023-11,False,3,9680.42857142857,9489.07142857143,141.5907920061794
2023-11-15,150.0,157.0,201.0,9762.0,316.0,9919.0,-115.0,0.7414178346536682,-2283.0,Backlog Relieving,2023-11,False,3,9739.857142857143,9525.07142857143,142.00989234484754
2023-11-16,80.0,176.0,125.0,9762.0,374.0,9938.0,-249.0,0.191551567698367,-2194.0,Backlog Relieving,2023-11,True,4,9799.714285714286,9568.357142857143,120.00238092870512
2023-11-19,116.0,188.0,164.0,9573.0,435.0,9761.0,-271.0,-1.7810424632722865,-2144.0,Backlog Relieving,2023-11,False,5,9806.285714285714,9622.714285714286,115.77523380192969
2023-11-20,105.0,185.0,158.0,9638.0,298.0,9823.0,-140.0,0.635180821637138,-2017.0,Backlog Relieving,2023-11,False,5,9801.0,9676.0,113.74093370456664
2023-11-21,136.0,246.0,123.0,9804.0,250.0,10050.0,-127.0,2.310902982795482,-1883.0,Backlog Relieving,2023-11,True,6,9860.0,9742.07142857143,121.35347818111475
2023-11-23,128.0,228.0,177.0,9838.0,283.0,10066.0,-106.0,0.1592039800994982,-1907.0,Backlog Relieving,2023-11,True,6,9914.714285714286,9783.57142857143,114.39072556473589
2023-11-26,90.0,196.0,205.0,9845.0,312.0,10041.0,-107.0,-0.24836081859725967,-1940.0,Backlog Relieving,2023-11,True,6,9942.57142857143,9811.5,118.53671321975126
2023-11-27,56.0,82.0,68.0,10123.0,214.0,10205.0,-146.0,1.6333034558311033,-1883.0,Backlog Relieving,2023-11,True,6,9983.42857142857,9861.642857142857,153.2610595713807
2023-11-28,74.0,103.0,80.0,10223.0,223.0,10326.0,-143.0,1.185693287604117,-1869.0,Backlog Relieving,2023-11,True,6,10038.857142857143,9919.285714285714,197.78728352399307
2023-11-29,68.0,107.0,102.0,10398.0,284.0,10505.0,-182.0,1.73348828200659,-2008.0,Backlog Relieving,2023-11,True,6,10145.142857142857,9975.714285714286,222.00857984276684
2023-11-30,92.0,124.0,93.0,10536.0,320.0,10660.0,-227.0,1.47548786292242,-2116.0,Backlog Relieving,2023-11,True,6,10264.714285714286,10032.857142857143,243.9082575380193
2023-12-03,132.0,235.0,197.0,10579.0,417.0,10814.0,-220.0,1.4446529080675452,-2256.0,Backlog Relieving,2023-12,True,6,10373.857142857143,10116.92857142857,296.97779298089927
2023-12-04,174.0,208.0,256.0,10635.0,273.0,10843.0,-17.0,0.2681708895875712,-2115.0,Backlog Relieving,2023-12,True,6,10484.857142857143,10199.785714285714,307.74633957824364
2023-12-05,123.0,230.0,167.0,10761.0,261.0,10991.0,-94.0,1.364935903347786,-2144.0,Backlog Relieving,2023-12,True,6,10620.57142857143,10281.57142857143,288.2388229361538
2023-12-06,123.0,233.0,159.0,10832.0,376.0,11065.0,-217.0,0.6732781366572738,-2246.0,Backlog Relieving,2023-12,True,6,10743.42857142857,10363.42857142857,263.8338221576001
2023-12-07,141.0,232.0,188.0,10897.0,466.0,11129.0,-278.0,0.5784003615002309,-2275.0,Backlog Relieving,2023-12,True,6,10858.142857142857,10448.5,223.58922795418246
2023-12-10,158.0,226.0,191.0,10871.0,411.0,11097.0,-220.0,-0.2875370653248277,-2224.0,Backlog Relieving,2023-12,True,6,10942.714285714286,10543.92857142857,174.27441415359138
2023-12-11,96.0,160.0,233.0,10998.0,304.0,11158.0,-71.0,0.5496981166080994,-2155.0,Backlog Relieving,2023-12,True,6,11013.857142857143,10639.285714285714,137.36863855025416
2023-12-12,141.0,173.0,129.0,11077.0,259.0,11250.0,-130.0,0.8245205233912811,-2158.0,Backlog Relieving,2023-12,True,6,11076.142857142857,10725.0,130.31043520692515
2023-12-13,116.0,181.0,182.0,11192.0,335.0,11373.0,-153.0,1.093333333333324,-2205.0,Backlog Relieving,2023-12,True,6,11151.857142857143,10818.357142857143,126.17769027771736
2023-12-14,150.0,157.0,201.0,11242.0,396.0,11399.0,-195.0,0.2286116240218128,-2293.0,Backlog Relieving,2023-12,True,6,11210.142857142857,10915.357142857143,133.5095858873831
2023-12-17,80.0,176.0,125.0,11092.0,456.0,11268.0,-331.0,-1.149223616106676,-2478.0,Backlog Relieving,2023-12,True,6,11239.142857142857,10991.285714285714,117.85786435570472
2023-12-18,116.0,188.0,164.0,11149.0,364.0,11337.0,-200.0,0.6123535676251235,-2535.0,Backlog Relieving,2023-12,True,6,11268.857142857143,11063.5,111.50998247012784
2023-12-19,105.0,185.0,158.0,11291.0,272.0,11476.0,-114.0,1.2260739172620605,-2467.0,Backlog Relieving,2023-12,True,6,11323.0,11132.857142857143,106.03458555276269
2023-12-20,136.0,246.0,123.0,11516.0,390.0,11762.0,-267.0,2.492157546183349,-2507.0,Backlog Relieving,2023-12,True,6,11409.285714285714,11211.57142857143,173.60848124996312
2023-12-21,128.0,228.0,177.0,11375.0,497.0,11603.0,-320.0,-1.3518109165107983,-2607.0,Backlog Relieving,2023-12,True,6,11459.714285714286,11267.92857142857,170.87589481429532
2023-12-25,90.0,196.0,205.0,11144.0,347.0,11340.0,-142.0,-2.266655175385679,-2732.0,Backlog Relieving,2023-12,True,6,11455.0,11303.42857142857,174.0919297383271
2023-12-26,56.0,82.0,68.0,11217.0,288.0,11299.0,-220.0,-0.36155202821869237,-2858.0,Backlog Relieving,2023-12,True,6,11440.714285714286,11325.42857142857,183.3118602143695
2023-12-27,74.0,103.0,80.0,11206.0,335.0,11309.0,-255.0,0.08850340738117968,-2896.0,Backlog Relieving,2023-12,True,6,11446.57142857143,11342.857142857143,177.43436076748748
2023-12-28,68.0,107.0,102.0,11230.0,357.0,11337.0,-255.0,0.2475904147139385,-2873.0,Backlog Relieving,2023-12,True,6,11446.57142857143,11357.714285714286,177.43436076748748
2024-01-01,92.0,124.0,93.0,10870.0,290.0,10994.0,-197.0,-3.0254917526682523,-2850.0,Backlog Relieving,2024-01,True,6,11377.714285714286,11350.357142857143,244.8344435775295
2024-01-02,113.0,162.0,107.0,10770.0,316.0,10932.0,-209.0,-0.5639439694378745,-2988.0,Backlog Relieving,2024-01,True,6,11259.142857142857,11334.214285714286,228.12089526642472
2024-01-03,106.0,196.0,131.0,10718.0,263.0,10914.0,-132.0,-0.16465422612513825,-2990.0,Backlog Relieving,2024-01,True,6,11160.714285714286,11310.214285714286,202.19768733077967
2024-01-04,86.0,152.0,168.0,10558.0,362.0,10710.0,-194.0,-1.869158878504673,-3031.0,Backlog Relieving,2024-01,True,6,11070.714285714286,11262.857142857143,244.81402076252658
2024-01-07,84.0,118.0,136.0,9670.0,367.0,9788.0,-231.0,-8.608776844070965,-3067.0,Backlog Relieving,2024-01,False,7,10854.857142857143,11147.785714285714,520.6862230337483
2024-01-08,59.0,64.0,117.0,9670.0,367.0,9734.0,-250.0,-0.5516959542296695,-2986.0,Backlog Relieving,2024-01,False,7,10629.857142857143,11038.214285714286,622.1447925179054
2024-01-09,62.0,97.0,52.0,9311.0,286.0,9408.0,-234.0,-3.3490856790630796,-3020.0,Backlog Relieving,2024-01,False,7,10354.285714285714,10900.42857142857,681.1377037197201
2024-01-10,91.0,75.0,97.0,9144.0,349.0,9219.0,-252.0,-2.00892857142857,-3158.0,Backlog Relieving,2024-01,False,7,10100.714285714286,10739.214285714286,731.8061478938515
2024-01-11,29.0,51.0,11.0,8829.0,476.0,8880.0,-465.0,-3.6771884152294154,-3356.0,Backlog Relieving,2024-01,False,7,9807.57142857143,10533.357142857143,753.9694638252598
2024-01-15,33.0,53.0,34.0,8033.0,234.0,8086.0,-200.0,-8.941441441441444,-3236.0,Backlog Relieving,2024-01,False,7,9403.57142857143,10282.142857142857,817.3057072158582
2024-01-16,32.0,49.0,39.0,8133.0,188.0,8182.0,-149.0,1.187237200098945,-3243.0,Backlog Relieving,2024-01,False,7,9042.42857142857,10056.57142857143,692.873691505851
2024-01-17,80.0,176.0,125.0,8072.0,353.0,8248.0,-228.0,0.8066487411390932,-3251.0,Backlog Relieving,2024-01,False,7,8822.42857142857,9838.642857142857,660.4144802427315
2024-01-18,116.0,188.0,164.0,8042.0,359.0,8230.0,-195.0,-0.21823472356935492,-3191.0,Backlog Relieving,2024-01,False,7,8607.57142857143,9618.714285714286,549.8102270004404
2024-01-21,105.0,185.0,158.0,7974.0,371.0,8159.0,-213.0,-0.8626974483596617,-3149.0,Backlog Relieving,2024-01,False,7,8429.142857142857,9391.714285714286,438.06788993313035
2024-01-22,136.0,246.0,123.0,8008.0,222.0,8254.0,-99.0,1.164358377252106,-3051.0,Backlog Relieving,2024-01,False,7,8291.285714285714,9196.0,266.2046294899718
2024-01-23,128.0,228.0,177.0,8133.0,202.0,8361.0,-25.0,1.296341167918591,-2867.0,Backlog Relieving,2024-01,False,7,8217.142857142857,9012.357142857143,86.58796793125593
2024-01-24,90.0,196.0,205.0,8212.0,243.0,8408.0,-38.0,0.5621337160626627,-2773.0,Backlog Relieving,2024-01,False,7,8263.142857142857,8833.357142857143,90.73850445353617
2024-01-25,102.0,189.0,155.0,8180.0,293.0,8369.0,-138.0,-0.4638439581351128,-2717.0,Backlog Relieving,2024-01,False,7,8289.857142857143,8666.142857142857,90.39437403473288
2024-01-28,120.0,257.0,126.0,8004.0,307.0,8261.0,-181.0,-1.2904767594694722,-2667.0,Backlog Relieving,2024-01,False,7,8291.714285714286,8557.07142857143,89.52041533579423
2024-01-29,137.0,272.0,166.0,8057.0,195.0,8329.0,-29.0,0.8231448977121358,-2446.0,Backlog Relieving,2024-01,False,7,8305.857142857143,8456.714285714286,85.89223591492177
2024-01-30,93.0,198.0,208.0,8182.0,187.0,8380.0,21.0,0.6123184055708997,-2191.0,Backlog Relieving,2024-01,False,7,8337.42857142857,8383.285714285714,59.466677343485316
2024-01-31,203.0,477.0,258.0,8153.0,266.0,8630.0,-8.0,2.9832935560859086,-1947.0,Backlog Relieving,2024-01,False,7,8391.142857142857,8341.214285714286,115.22359216091449
2024-02-01,222.0,459.0,289.0,8026.0,337.0,8485.0,-48.0,-1.6801853997682525,-1530.0,Backlog Relieving,2024-02,False,7,8408.857142857143,8313.0,119.27758740489108
2024-02-04,253.0,531.0,248.0,7813.0,342.0,8344.0,-94.0,-1.6617560400707165,-1424.0,Backlog Relieving,2024-02,False,7,8399.714285714286,8331.42857142857,121.78083358459986
2024-02-05,157.0,466.0,345.0,7872.0,242.0,8338.0,103.0,-0.07190795781399917,-1172.0,Backlog Relieving,2024-02,False,7,8395.285714285714,8342.57142857143,123.63348290502329
2024-02-06,291.0,455.0,323.0,8045.0,178.0,8500.0,145.0,1.9429119692971897,-799.0,Backlog Relieving,2024-02,False,7,8429.42857142857,8360.57142857143,112.90387820741242
2024-02-07,227.0,453.0,330.0,8160.0,222.0,8613.0,108.0,1.32941176470589,-496.0,Backlog Relieving,2024-02,False,7,8470.0,8387.92857142857,121.50034293499634
2024-02-08,298.0,499.0,358.0,8188.0,315.0,8687.0,43.0,0.8591663764077495,-240.0,Backlog Relieving,2024-02,False,7,8513.857142857143,8425.642857142857,137.90023999422334
2024-02-11,205.0,515.0,226.0,8056.0,347.0,8571.0,-121.0,-1.3353286520087493,-262.0,Backlog Relieving,2024-02,False,7,8505.42857142857,8448.285714285714,131.2616434744259
2024-02-12,213.0,430.0,440.0,8092.0,234.0,8522.0,206.0,-0.5716952514292384,-31.0,Backlog Relieving,2024-02,False,7,8510.714285714286,8459.785714285714,131.0467019624162
2024-02-13,227.0,369.0,349.0,8348.0,160.0,8717.0,189.0,2.2881952593287957,196.0,Backlog Building,2024-02,False,7,8564.0,8481.857142857143,127.75236462255754
2024-02-14,185.0,322.0,272.0,8512.0,230.0,8834.0,42.0,1.3422048870024073,376.0,Backlog Building,2024-02,False,7,8634.857142857143,8515.07142857143,118.74542597702215
2024-02-15,333.0,508.0,272.0,8463.0,312.0,8971.0,-40.0,1.5508263527280963,517.0,Backlog Building,2024-02,False,7,8702.142857142857,8565.785714285714,156.90594695697297
2024-02-19,249.0,420.0,371.0,8380.0,218.0,8800.0,153.0,-1.9061420131535,699.0,Backlog Building,2024-02,False,7,8728.857142857143,8599.42857142857,155.10795012011604
2024-02-20,149.0,395.0,273.0,8488.0,192.0,8883.0,81.0,0.9431818181818263,759.0,Backlog Building,2024-02,False,7,8756.857142857143,8635.357142857143,163.74312053884194
2024-02-21,232.0,430.0,318.0,8573.0,231.0,9003.0,87.0,1.3508949679162496,854.0,Backlog Building,2024-02,False,7,8818.57142857143,8662.0,163.42873792861678
2024-02-22,165.0,400.0,292.0,8607.0,293.0,9007.0,-1.0,0.04442963456625648,901.0,Backlog Building,2024-02,False,7,8887.857142857143,8699.285714285714,111.20615776024992
2024-02-25,244.0,482.0,366.0,8404.0,329.0,8886.0,37.0,-1.3433995781059194,1032.0,Backlog Building,2024-02,False,7,8912.0,8738.0,82.59539938754487
2024-02-26,199.0,438.0,326.0,8404.0,329.0,8842.0,-3.0,-0.4951609273013746,926.0,Backlog Building,2024-02,False,7,8913.142857142857,8774.0,81.38269384292278
2024-02-27,197.0,369.0,306.0,8650.0,206.0,9019.0,100.0,2.0018095453517404,881.0,Backlog Building,2024-02,False,7,8920.0,8811.07142857143,88.75809822201037
2024-02-28,209.0,447.0,274.0,8699.0,257.0,9146.0,17.0,1.4081383745426335,790.0,Backlog Building,2024-02,False,7,8969.42857142857,8849.142857142857,105.54755191037727
2024-02-29,262.0,444.0,354.0,8724.0,299.0,9168.0,55.0,0.2405423135797058,802.0,Backlog Building,2024-02,False,7,9010.142857142857,8883.5,120.55348546239132
2024-03-03,236.0,468.0,347.0,8594.0,354.0,9062.0,-7.0,-1.1561954624781823,916.0,Backlog Building,2024-03,False,7,9018.57142857143,8918.57142857143,122.02439256534137
2024-03-04,225.0,509.0,340.0,8660.0,229.0,9169.0,111.0,1.1807548002648494,821.0,Backlog Building,2024-03,False,7,9041.714285714286,8964.785714285714,134.2171304089993
2024-03-05,246.0,472.0,345.0,8800.0,214.0,9272.0,131.0,1.12335041989311,763.0,Backlog Building,2024-03,False,7,9096.857142857143,9004.42857142857,138.79532721648562
2024-03-06,230.0,457.0,277.0,8870.0,232.0,9327.0,45.0,0.5931837791199213,766.0,Backlog Building,2024-03,False,7,9166.142857142857,9039.642857142857,108.00837710010346
2024-03-07,181.0,424.0,328.0,8902.0,305.0,9326.0,23.0,-0.010721561059290341,829.0,Backlog Building,2024-03,False,7,9210.0,9065.0,100.36101500743203
2024-03-10,190.0,368.0,326.0,8714.0,373.0,9082.0,-47.0,-2.6163414111087246,629.0,Backlog Building,2024-03,False,7,9200.857142857143,9085.142857142857,109.64857283064921
2024-03-11,178.0,336.0,290.0,8757.0,253.0,9093.0,37.0,0.12111869632238648,585.0,Backlog Building,2024-03,False,7,9190.142857142857,9100.142857142857,116.8238397066206
2024-03-12,154.0,294.0,290.0,8843.0,213.0,9137.0,77.0,0.4838887055977015,575.0,Backlog Building,2024-03,False,7,9200.857142857143,9109.714285714286,106.05569067144957
2024-03-13,165.0,358.0,167.0,8819.0,239.0,9177.0,-72.0,0.43778045310276514,504.0,Backlog Building,2024-03,False,7,9202.0,9121.857142857143,105.69768209373693
2024-03-14,166.0,301.0,252.0,8695.0,310.0,8996.0,-58.0,-1.9723221096218824,409.0,Backlog Building,2024-03,False,7,9162.57142857143,9129.714285714286,124.95713550763955
2024-03-17,127.0,260.0,259.0,8373.0,342.0,8633.0,-83.0,-4.035126722987991,329.0,Backlog Building,2024-03,False,7,9063.42857142857,9114.785714285714,215.36392234450167
2024-03-18,123.0,243.0,188.0,8333.0,283.0,8576.0,-95.0,-0.6602571527858259,134.0,Backlog Building,2024-03,False,7,8956.285714285714,9083.142857142857,247.17585796734875
2024-03-19,99.0,202.0,256.0,8390.0,197.0,8592.0,59.0,0.1865671641791078,176.0,Backlog Building,2024-03,False,7,8886.285714285714,9043.57142857143,273.61025461148597
2024-03-20,91.0,181.0,174.0,8365.0,227.0,8546.0,-53.0,-0.5353817504655467,68.0,Backlog Building,2024-03,False,7,8808.142857142857,8999.142857142857,282.69384415618407
2024-03-21,132.0,261.0,141.0,8292.0,235.0,8553.0,-94.0,0.08190966534051825,-19.0,Backlog Relieving,2024-03,False,7,8724.714285714286,8962.785714285714,254.20576592312676
2024-03-24,124.0,264.0,221.0,7899.0,373.0,8163.0,-152.0,-4.559803577692034,-282.0,Backlog Relieving,2024-03,False,7,8579.857142857143,8890.92857142857,242.14281500208972
2024-03-25,128.0,242.0,224.0,7899.0,229.0,8141.0,-5.0,-0.26950875903466454,-418.0,Backlog Relieving,2024-03,False,7,8457.714285714286,8810.142857142857,210.86624060898347
2024-03-26,187.0,276.0,200.0,7919.0,208.0,8195.0,-8.0,0.6633091757769272,-471.0,Backlog Relieving,2024-03,False,7,8395.142857142857,8729.285714285714,215.1258767725017
2024-03-27,129.0,287.0,185.0,7893.0,215.0,8180.0,-30.0,-0.18303843807199183,-524.0,Backlog Relieving,2024-03,False,7,8338.57142857143,8647.42857142857,211.67967714043985
2024-03-28,161.0,288.0,248.0,7762.0,360.0,8050.0,-112.0,-1.58924205378973,-589.0,Backlog Relieving,2024-03,False,7,8261.142857142857,8573.714285714286,202.45610929401886
2024-03-31,105.0,254.0,151.0,7257.0,287.0,7511.0,-136.0,-6.695652173913047,-762.0,Backlog Relieving,2024-03,False,7,8113.285714285715,8460.714285714286,309.4267356934444
2024-04-01,109.0,235.0,171.0,7271.0,172.0,7506.0,-1.0,-0.06656903208627218,-840.0,Backlog Relieving,2024-04,False,7,7963.714285714285,8344.214285714286,314.4612929470036
2024-04-02,101.0,230.0,175.0,7340.0,132.0,7570.0,43.0,0.8526512123634422,-725.0,Backlog Relieving,2024-04,False,7,7879.0,8229.42857142857,331.25418236352897
2024-04-03,124.0,230.0,190.0,7346.0,163.0,7576.0,27.0,0.07926023778070945,-640.0,Backlog Relieving,2024-04,False,7,7798.285714285715,8128.0,325.5603959767966
2024-04-04,95.0,226.0,152.0,7317.0,225.0,7543.0,-73.0,-0.4355860612460405,-630.0,Backlog Relieving,2024-04,False,7,7705.142857142857,8050.142857142857,283.7242960877229
2024-04-07,106.0,239.0,233.0,6982.0,279.0,7221.0,-46.0,-4.268858544345755,-581.0,Backlog Relieving,2024-04,False,7,7568.142857142857,7953.357142857143,245.12542950594627
2024-04-08,102.0,230.0,167.0,6988.0,199.0,7218.0,-32.0,-0.041545492314087884,-672.0,Backlog Relieving,2024-04,False,7,7449.285714285715,7855.214285714285,159.18722131053894
2024-04-09,118.0,231.0,217.0,7043.0,130.0,7274.0,87.0,0.775838182321964,-532.0,Backlog Relieving,2024-04,False,7,7415.428571428572,7764.357142857143,168.7876942027616
2024-04-10,117.0,244.0,142.0,6999.0,227.0,7243.0,-85.0,-0.42617541930162206,-523.0,Backlog Relieving,2024-04,False,7,7377.857142857143,7670.785714285715,174.44333231876652
2024-04-11,183.0,221.0,220.0,6912.0,285.0,7133.0,-65.0,-1.518707717796497,-436.0,Backlog Relieving,2024-04,False,7,7315.428571428572,7597.214285714285,172.4034581467324
2024-04-14,128.0,245.0,243.0,6630.0,290.0,6875.0,-47.0,-3.6169914481985144,-478.0,Backlog Relieving,2024-04,False,7,7215.285714285715,7506.785714285715,197.57590464233786
2024-04-15,144.0,303.0,176.0,6681.0,191.0,6984.0,-15.0,1.5854545454545566,-485.0,Backlog Relieving,2024-04,False,7,7135.428571428572,7420.285714285715,150.37381990987
2024-04-16,219.0,392.0,205.0,6685.0,163.0,7077.0,42.0,1.3316151202749094,-413.0,Backlog Relieving,2024-04,False,7,7114.857142857143,7341.5,146.5166982194972
2024-04-17,182.0,371.0,274.0,6725.0,227.0,7096.0,47.0,0.2684753426593245,-254.0,Backlog Relieving,2024-04,False,7,7097.428571428572,7273.357142857143,139.28012198785862
2024-04-18,144.0,322.0,258.0,6728.0,260.0,7050.0,-2.0,-0.6482525366403591,-120.0,Backlog Relieving,2024-04,False,7,7065.428571428572,7240.428571428572,115.6847110942187
2024-04-21,208.0,380.0,343.0,6745.0,240.0,7125.0,103.0,1.0638297872340496,-16.0,Backlog Relieving,2024-04,False,7,7048.571428571428,7213.214285714285,91.58394535954186
2024-04-22,176.0,424.0,251.0,6799.0,214.0,7223.0,37.0,1.3754385964912297,-22.0,Backlog Relieving,2024-04,False,7,7061.428571428572,7188.428571428572,109.8982213123556
2024-04-23,252.0,427.0,307.0,6967.0,134.0,7394.0,173.0,2.367437352900459,124.0,Backlog Building,2024-04,False,7,7135.571428571428,7175.428571428572,135.29825958828593
2024-04-24,253.0,411.0,307.0,7128.0,154.0,7539.0,153.0,1.9610494995942584,350.0,Backlog Building,2024-04,False,7,7214.857142857143,7175.142857142857,185.11746592495257
2024-04-25,145.0,357.0,333.0,7209.0,217.0,7566.0,116.0,0.35813768404298063,512.0,Backlog Building,2024-04,False,7,7284.714285714285,7199.785714285715,214.3779484039909
2024-04-28,158.0,349.0,365.0,7298.0,250.0,7647.0,115.0,1.0705789056304482,659.0,Backlog Building,2024-04,False,7,7363.428571428572,7230.428571428572,233.8139268327516
2024-04-29,140.0,292.0,255.0,7373.0,187.0,7665.0,68.0,0.23538642604943316,640.0,Backlog Building,2024-04,False,7,7451.285714285715,7258.357142857143,210.827507918764
2024-04-30,220.0,443.0,194.0,7431.0,135.0,7874.0,59.0,2.726679712981084,784.0,Backlog Building,2024-04,False,7,7558.285714285715,7303.428571428572,207.67419538442718
2024-05-01,197.0,437.0,295.0,7508.0,190.0,7945.0,105.0,0.9017018034036095,954.0,Backlog Building,2024-05,False,7,7661.428571428572,7361.428571428572,192.1083523629731
2024-05-02,206.0,411.0,293.0,7577.0,194.0,7988.0,99.0,0.5412208936437901,1100.0,Backlog Building,2024-05,False,7,7746.285714285715,7440.928571428572,185.36424887745034
2024-05-05,150.0,315.0,228.0,7447.0,332.0,7762.0,-104.0,-2.829243865798703,1011.0,Backlog Building,2024-05,False,7,7778.142857142857,7496.5,161.41812018421564
2024-05-06,173.0,337.0,211.0,7449.0,205.0,7786.0,6.0,0.30919866013914277,975.0,Backlog Building,2024-05,False,7,7809.571428571428,7547.142857142857,131.95814632279647
2024-05-07,176.0,334.0,246.0,7566.0,163.0,7900.0,83.0,1.4641664526072518,1011.0,Backlog Building,2024-05,False,7,7845.714285714285,7604.571428571428,113.34418715532232
2024-05-08,167.0,374.0,205.0,7583.0,202.0,7957.0,3.0,0.7215189873417627,1016.0,Backlog Building,2024-05,False,7,7887.428571428572,7669.357142857143,86.24356428712895
2024-05-09,138.0,285.0,268.0,7570.0,244.0,7855.0,24.0,-1.2818901596078902,937.0,Backlog Building,2024-05,False,7,7884.714285714285,7721.5,87.03201381426952
2024-05-12,138.0,301.0,263.0,7464.0,245.0,7765.0,18.0,-1.145767027371103,918.0,Backlog Building,2024-05,False,7,7859.0,7760.214285714285,92.66067126886054
2024-05-13,112.0,331.0,167.0,7499.0,157.0,7830.0,10.0,0.8370895041854398,755.0,Backlog Building,2024-05,False,7,7836.428571428572,7791.357142857143,73.20031225535581
2024-05-14,246.0,419.0,218.0,7546.0,186.0,7965.0,32.0,1.724137931034475,634.0,Backlog Building,2024-05,False,7,7865.428571428572,7821.785714285715,78.79690590973851
2024-05-15,115.0,285.0,341.0,7589.0,265.0,7874.0,76.0,-1.1424984306340202,594.0,Backlog Building,2024-05,False,7,7878.0,7843.785714285715,70.60689295903839
2024-05-16,206.0,340.0,214.0,7565.0,234.0,7905.0,-20.0,0.3937007874015741,459.0,Backlog Building,2024-05,False,7,7878.714285714285,7862.214285714285,70.89126482555662
2024-05-19,143.0,295.0,278.0,7356.0,298.0,7651.0,-20.0,-3.2131562302340266,371.0,Backlog Building,2024-05,False,7,7835.0,7861.214285714285,102.06370559604328
2024-05-20,111.0,268.0,217.0,7368.0,192.0,7636.0,25.0,-0.19605280355509125,337.0,Backlog Building,2024-05,False,7,7803.714285714285,7844.214285714285,125.73214158904337
2024-05-21,196.0,348.0,176.0,7404.0,145.0,7752.0,31.0,1.5191199580932402,263.0,Backlog Building,2024-05,False,7,7801.857142857143,7830.428571428572,126.49298870084463
2024-05-22,168.0,349.0,272.0,7474.0,208.0,7823.0,64.0,0.9158926728586092,228.0,Backlog Building,2024-05,False,7,7800.857142857143,7818.642857142857,126.26087883349041
2024-05-23,193.0,272.0,314.0,7494.0,227.0,7766.0,87.0,-0.7286207337338646,419.0,Backlog Building,2024-05,False,7,7772.428571428572,7818.928571428572,103.49373111907894
2024-05-27,156.0,344.0,252.0,7365.0,167.0,7709.0,85.0,-0.7339685809940821,498.0,Backlog Building,2024-05,False,7,7748.857142857143,7813.428571428572,94.94108448825176
2024-05-28,153.0,348.0,239.0,7418.0,151.0,7766.0,88.0,0.7393955117395157,503.0,Backlog Building,2024-05,False,7,7729.0,7803.857142857143,67.37457482855964
2024-05-29,182.0,462.0,158.0,7491.0,141.0,7953.0,17.0,2.4079320113314484,517.0,Backlog Building,2024-05,False,7,7772.142857142857,7803.571428571428,98.5721877127213
2024-05-30,167.0,406.0,339.0,7563.0,190.0,7969.0,149.0,0.20118194392053645,642.0,Backlog Building,2024-05,False,7,7819.714285714285,7811.714285714285,102.20520907419775
2024-06-02,159.0,330.0,322.0,7546.0,306.0,7876.0,16.0,-1.1670222110678918,640.0,Backlog Building,2024-06,False,7,7837.428571428572,7819.642857142857,99.21501422473682
2024-06-03,109.0,244.0,257.0,7596.0,224.0,7840.0,33.0,-0.45708481462671813,663.0,Backlog Building,2024-06,False,7,7839.857142857143,7820.357142857143,99.01082191931614
2024-06-04,260.0,356.0,176.0,7565.0,203.0,7921.0,-27.0,1.033163265306114,604.0,Backlog Building,2024-06,False,7,7862.0,7817.214285714285,97.0532499884932
2024-06-05,173.0,345.0,291.0,7691.0,198.0,8036.0,93.0,1.4518368892816547,621.0,Backlog Building,2024-06,False,7,7908.714285714285,7828.785714285715,89.54275382129087
2024-06-06,179.0,326.0,282.0,7741.0,238.0,8067.0,44.0,0.3857640617222602,685.0,Backlog Building,2024-06,False,7,7951.714285714285,7840.357142857143,81.49788194732571
2024-06-09,116.0,289.0,166.0,7451.0,312.0,7740.0,-146.0,-4.0535515061361105,559.0,Backlog Building,2024-06,False,7,7921.285714285715,7846.714285714285,114.15736840826472
2024-06-10,184.0,334.0,229.0,7439.0,212.0,7773.0,17.0,0.426356589147292,551.0,Backlog Building,2024-06,False,7,7893.285714285715,7856.5,124.10709660840098
2024-06-11,186.0,352.0,224.0,7493.0,156.0,7845.0,68.0,0.9262832883056626,588.0,Backlog Building,2024-06,False,7,7888.857142857143,7863.142857142857,125.37334720933208
2024-06-12,152.0,266.0,274.0,7548.0,212.0,7814.0,62.0,-0.39515615041427754,586.0,Backlog Building,2024-06,False,7,7885.142857142857,7862.5,127.43027972374435
2024-06-13,167.0,293.0,230.0,7544.0,259.0,7837.0,-29.0,0.2943434860506855,470.0,Backlog Building,2024-06,False,7,7873.142857142857,7867.571428571428,127.44597361420139
2024-06-16,204.0,315.0,233.0,7307.0,294.0,7622.0,-61.0,-2.7433967079239507,324.0,Backlog Building,2024-06,False,7,7814.0,7861.357142857143,135.10489751792437
2024-06-17,159.0,310.0,272.0,7318.0,224.0,7628.0,48.0,0.07871949619522312,284.0,Backlog Building,2024-06,False,7,7751.285714285715,7851.5,93.6086076627941
2024-06-18,160.0,297.0,253.0,7340.0,214.0,7637.0,39.0,0.11798636601991763,306.0,Backlog Building,2024-06,False,7,7736.571428571428,7828.928571428572,103.27448401040078
2024-06-19,204.0,321.0,246.0,7433.0,198.0,7754.0,48.0,1.5320151892104228,205.0,Backlog Building,2024-06,False,7,7733.857142857143,7813.571428571428,102.40349696407671
2024-06-20,145.0,247.0,243.0,7431.0,235.0,7678.0,8.0,-0.9801392829507316,197.0,Backlog Building,2024-06,False,7,7710.0,7799.428571428572,91.01465083524833
2024-06-23,102.0,227.0,201.0,7247.0,294.0,7474.0,-93.0,-2.6569419119562343,71.0,Backlog Building,2024-06,False,7,7661.428571428572,7773.285714285715,114.0670229044369
2024-06-24,116.0,175.0,172.0,7239.0,202.0,7414.0,-30.0,-0.8027829810008047,68.0,Backlog Building,2024-06,False,7,7601.0,7737.071428571428,117.54573577972005
2024-06-25,172.0,263.0,191.0,7239.0,202.0,7502.0,-11.0,1.1869436201780381,-36.0,Backlog Relieving,2024-06,False,7,7583.857142857143,7698.928571428572,122.61379554168713
2024-06-26,132.0,235.0,197.0,7268.0,187.0,7503.0,10.0,0.013329778725679198,-70.0,Backlog Relieving,2024-06,False,7,7566.0,7658.642857142857,124.20547491956971
2024-06-27,174.0,208.0,256.0,7248.0,268.0,7456.0,-12.0,-0.6264161002265789,64.0,Backlog Building,2024-06,False,7,7540.142857142857,7638.357142857143,125.79139950915626
2024-06-30,123.0,230.0,167.0,6874.0,273.0,7104.0,-106.0,-4.72103004291845,-59.0,Backlog Relieving,2024-06,False,7,7447.285714285715,7590.571428571428,172.75677920678265
2024-07-01,123.0,233.0,159.0,6825.0,229.0,7058.0,-70.0,-0.6475225225225256,-197.0,Backlog Relieving,2024-07,False,7,7358.714285714285,7534.357142857143,192.5571034660489
2024-07-02,141.0,232.0,188.0,6823.0,184.0,7055.0,4.0,-0.042504958911870894,-255.0,Backlog Relieving,2024-07,False,7,7298.857142857143,7480.142857142857,214.60850291590566
2024-07-04,158.0,226.0,191.0,6790.0,225.0,7016.0,-34.0,-0.5527994330262187,-260.0,Backlog Relieving,2024-07,False,7,7242.0,7421.5,231.10675743761848
2024-07-07,96.0,160.0,233.0,6599.0,213.0,6759.0,20.0,-3.6630558722919093,-179.0,Backlog Relieving,2024-07,False,7,7135.857142857143,7359.857142857143,260.54009836710355
2024-07-08,141.0,173.0,129.0,6617.0,123.0,6790.0,6.0,0.458647728953987,-221.0,Backlog Relieving,2024-07,False,7,7034.0,7300.0,230.75455936267883
2024-07-09,116.0,181.0,182.0,6651.0,130.0,6832.0,52.0,0.6185567010309256,-208.0,Backlog Relieving,2024-07,False,7,6944.857142857143,7242.5,145.24740797620842
2024-07-10,150.0,157.0,201.0,6649.0,177.0,6806.0,24.0,-0.38056206088993294,-232.0,Backlog Relieving,2024-07,False,7,6902.285714285715,7174.785714285715,134.0705215992781
2024-07-11,80.0,176.0,125.0,6640.0,197.0,6816.0,-72.0,0.1469291801351691,-312.0,Backlog Relieving,2024-07,False,7,6867.714285714285,7113.214285714285,117.38925885802303
2024-07-14,116.0,188.0,164.0,6308.0,237.0,6496.0,-73.0,-4.694835680751175,-292.0,Backlog Relieving,2024-07,False,7,6787.857142857143,7043.357142857143,153.3714755872409
2024-07-15,105.0,185.0,158.0,6283.0,171.0,6468.0,-13.0,-0.4310344827586188,-275.0,Backlog Relieving,2024-07,False,7,6709.571428571428,6975.785714285715,157.3190570601161
2024-07-16,136.0,246.0,123.0,6239.0,173.0,6485.0,-50.0,0.26283240568953925,-314.0,Backlog Relieving,2024-07,False,7,6670.428571428572,6903.142857142857,175.95440426698877
2024-07-17,128.0,228.0,177.0,6228.0,187.0,6456.0,-10.0,-0.44718581341557373,-334.0,Backlog Relieving,2024-07,False,7,6622.714285714285,6828.357142857143,183.2600286348248
2024-07-21,90.0,196.0,205.0,6058.0,262.0,6254.0,-57.0,-3.1288723667905805,-379.0,Backlog Relieving,2024-07,False,7,6540.142857142857,6742.5,202.45528606865724
2024-07-22,102.0,189.0,155.0,6002.0,234.0,6191.0,-79.0,-1.0073552926127327,-352.0,Backlog Relieving,2024-07,False,7,6452.285714285715,6677.285714285715,201.29473770710126
2024-07-23,120.0,257.0,126.0,5965.0,170.0,6222.0,-44.0,0.500726861573253,-326.0,Backlog Relieving,2024-07,False,7,6367.428571428572,6617.571428571428,137.51103851795025
2024-07-24,137.0,272.0,166.0,5927.0,177.0,6199.0,-11.0,-0.3696560591449738,-341.0,Backlog Relieving,2024-07,False,7,6325.0,6556.428571428572,137.0474370427976
2024-07-25,93.0,198.0,208.0,5954.0,194.0,6152.0,14.0,-0.7581868043232798,-293.0,Backlog Relieving,2024-07,False,7,6279.857142857143,6494.714285714285,134.10621234855554
2024-07-28,152.0,290.0,199.0,5743.0,207.0,6033.0,-8.0,-1.934330299089726,-321.0,Backlog Relieving,2024-07,False,7,6215.285714285715,6442.857142857143,127.52478750647376
2024-07-29,114.0,210.0,219.0,5819.0,163.0,6029.0,56.0,-0.06630200563566557,-271.0,Backlog Relieving,2024-07,False,7,6154.285714285715,6388.5,89.71011515935527
2024-07-30,125.0,203.0,208.0,5930.0,92.0,6133.0,116.0,1.724995853375355,-207.0,Backlog Relieving,2024-07,False,7,6137.0,6338.571428571428,78.2155142325788
2024-07-31,140.0,261.0,163.0,5963.0,154.0,6224.0,9.0,1.4837762921897868,-222.0,Backlog Relieving,2024-07,False,7,6141.714285714285,6297.0,82.86880049354016
2024-08-01,227.0,298.0,212.0,6016.0,169.0,6314.0,43.0,1.4460154241645151,-107.0,Backlog Relieving,2024-08,False,7,6154.857142857143,6261.142857142857,102.65708056669179
2024-08-04,63.0,167.0,143.0,5943.0,170.0,6110.0,-27.0,-3.230915426037373,-61.0,Backlog Relieving,2024-08,False,7,6142.142857142857,6233.571428571428,101.7864243918424
2024-08-05,172.0,259.0,138.0,5950.0,150.0,6209.0,-12.0,1.6202945990180018,-60.0,Backlog Relieving,2024-08,False,7,6150.285714285715,6215.071428571428,104.93762319542412
2024-08-06,163.0,283.0,200.0,5998.0,143.0,6281.0,57.0,1.1596070220647459,47.0,Backlog Building,2024-08,False,7,6185.714285714285,6200.5,100.51154873232947
2024-08-07,135.0,273.0,207.0,6038.0,174.0,6311.0,33.0,0.4776309504855858,90.0,Backlog Building,2024-08,False,7,6226.0,6190.142857142857,82.0487659870638
2024-08-08,119.0,230.0,213.0,6084.0,174.0,6314.0,39.0,0.04753604816987167,186.0,Backlog Building,2024-08,False,7,6251.857142857143,6194.428571428572,76.16523391379272
2024-08-11,95.0,211.0,140.0,5894.0,249.0,6105.0,-109.0,-3.3101045296167197,156.0,Backlog Building,2024-08,False,7,6234.857142857143,6188.285714285715,94.49414191971276
2024-08-12,109.0,219.0,155.0,5903.0,148.0,6122.0,7.0,0.27846027846027965,207.0,Backlog Building,2024-08,False,7,6207.428571428572,6181.142857142857,95.55252856039834
2024-08-13,162.0,239.0,189.0,5981.0,123.0,6220.0,66.0,1.6007840574975507,284.0,Backlog Building,2024-08,False,7,6223.142857142857,6182.642857142857,85.36085865592133
2024-08-14,109.0,226.0,191.0,5987.0,178.0,6213.0,13.0,-0.11254019292604722,283.0,Backlog Building,2024-08,False,7,6223.714285714285,6187.0,85.26373649978488
2024-08-15,124.0,241.0,156.0,5895.0,220.0,6136.0,-64.0,-1.2393368742958266,227.0,Backlog Building,2024-08,False,7,6203.0,6194.357142857143,86.62947920117416
2024-08-18,86.0,244.0,235.0,5821.0,178.0,6065.0,57.0,-1.1571056062581464,228.0,Backlog Building,2024-08,False,7,6167.857142857143,6196.928571428572,85.40380274794285
2024-08-19,176.0,254.0,162.0,5865.0,158.0,6119.0,4.0,0.8903544929925733,116.0,Backlog Building,2024-08,False,7,6140.0,6195.928571428572,56.80375574437556
2024-08-20,136.0,274.0,245.0,5995.0,112.0,6269.0,133.0,2.45138094459878,240.0,Backlog Building,2024-08,False,7,6163.428571428572,6199.142857142857,71.8026395588565
2024-08-21,134.0,245.0,167.0,6028.0,156.0,6273.0,11.0,0.06380602966979954,208.0,Backlog Building,2024-08,False,7,6185.0,6196.214285714285,79.54663202591706
2024-08-22,182.0,307.0,205.0,6054.0,171.0,6361.0,34.0,1.4028375577873398,269.0,Backlog Building,2024-08,False,7,6205.142857142857,6214.142857142857,103.98466004084196
2024-08-27,149.0,285.0,222.0,6152.0,97.0,6437.0,125.0,1.1947806948592987,406.0,Backlog Building,2024-08,False,7,6237.142857142857,6230.428571428572,136.26252672865016
2024-08-28,170.0,285.0,178.0,6227.0,134.0,6512.0,44.0,1.1651390399254336,393.0,Backlog Building,2024-08,False,7,6290.857142857143,6246.928571428572,161.51617934583516
2024-08-29,145.0,295.0,188.0,6250.0,169.0,6545.0,19.0,0.5067567567567544,379.0,Backlog Building,2024-08,False,7,6359.428571428572,6263.642857142857,151.21051235816444
2024-09-02,133.0,270.0,198.0,6192.0,129.0,6462.0,69.0,-1.268143621084794,409.0,Backlog Building,2024-09,False,7,6408.428571428572,6274.214285714285,110.3749022541737
2024-09-03,131.0,263.0,177.0,6272.0,112.0,6535.0,65.0,1.1296812132466805,583.0,Backlog Building,2024-09,False,7,6446.428571428572,6304.928571428572,99.63911069932111
2024-09-04,121.0,231.0,219.0,6375.0,114.0,6606.0,105.0,1.0864575363427775,681.0,Backlog Building,2024-09,False,7,6494.0,6339.5,80.73826024051812
2024-09-05,126.0,230.0,175.0,6448.0,121.0,6678.0,54.0,1.089918256130784,669.0,Backlog Building,2024-09,False,7,6539.285714285715,6372.214285714285,82.58675092634525
2024-09-08,123.0,255.0,164.0,6312.0,221.0,6567.0,-57.0,-1.6621743036837389,599.0,Backlog Building,2024-09,False,7,6557.857142857143,6397.5,69.29990036410483
2024-09-09,144.0,275.0,190.0,6353.0,141.0,6628.0,49.0,0.928886858535094,712.0,Backlog Building,2024-09,False,7,6574.428571428572,6432.642857142857,70.36774152704939
2024-09-10,131.0,251.0,180.0,6396.0,148.0,6647.0,32.0,0.28666264333132574,687.0,Backlog Building,2024-09,False,7,6589.0,6474.214285714285,73.73827590425374
2024-09-11,93.0,248.0,175.0,6410.0,162.0,6658.0,13.0,0.16548819016097838,696.0,Backlog Building,2024-09,False,7,6617.0,6512.714285714285,51.264022471889554
2024-09-12,184.0,280.0,210.0,6360.0,220.0,6640.0,-10.0,-0.270351456893958,553.0,Backlog Building,2024-09,False,7,6632.0,6539.214285714285,36.51027252703454
2024-09-13,81.0,200.0,212.0,6326.0,279.0,6526.0,-67.0,-1.7168674698795128,475.0,Backlog Building,2024-09,False,7,6620.571428571428,6557.285714285715,54.2274750252806
2024-09-15,98.0,220.0,167.0,6234.0,210.0,6454.0,-43.0,-1.1032791909285966,398.0,Backlog Building,2024-09,False,7,6588.571428571428,6563.928571428572,76.2929816406303
2024-09-16,113.0,209.0,160.0,6229.0,164.0,6438.0,-4.0,-0.24790827393864623,269.0,Backlog Building,2024-09,False,7,6570.142857142857,6564.0,95.527358335059
2024-09-17,159.0,304.0,139.0,6227.0,160.0,6531.0,-21.0,1.4445479962721386,204.0,Backlog Building,2024-09,False,7,6556.285714285715,6565.357142857143,92.73027963887193
2024-09-18,116.0,213.0,217.0,6245.0,149.0,6458.0,68.0,-1.1177461338233052,253.0,Backlog Building,2024-09,False,7,6529.285714285715,6559.142857142857,89.36948451179217
2024-09-19,93.0,196.0,169.0,6270.0,188.0,6466.0,-19.0,0.12387736141219463,165.0,Backlog Building,2024-09,False,7,6501.857142857143,6559.428571428572,70.82002676132629
2024-09-22,124.0,234.0,161.0,5989.0,197.0,6223.0,-36.0,-3.7581193937519353,64.0,Backlog Building,2024-09,False,7,6442.285714285715,6537.142857142857,103.22259811641888
2024-09-23,92.0,203.0,173.0,6002.0,165.0,6205.0,8.0,-0.28924955809095376,-33.0,Backlog Relieving,2024-09,False,7,6396.428571428572,6508.5,128.13125710621173
2024-09-24,186.0,259.0,172.0,6023.0,143.0,6282.0,29.0,1.2409347300563978,-58.0,Backlog Relieving,2024-09,False,7,6371.857142857143,6480.214285714285,131.6933667924927
2024-09-25,154.0,225.0,220.0,6050.0,169.0,6275.0,51.0,-0.11142948105699046,50.0,Backlog Building,2024-09,False,7,6348.571428571428,6459.357142857143,132.45736061446948
2024-09-26,91.0,199.0,172.0,6090.0,185.0,6289.0,-13.0,0.223107569721126,-12.0,Backlog Relieving,2024-09,False,7,6314.0,6435.142857142857,105.80800221785074
2024-09-29,81.0,213.0,153.0,5925.0,177.0,6138.0,-24.0,-2.401017649864845,-68.0,Backlog Relieving,2024-09,False,7,6268.285714285715,6398.785714285715,102.29322930626593
2024-09-30,209.0,285.0,184.0,5967.0,138.0,6252.0,46.0,1.8572825024437911,-35.0,Backlog Relieving,2024-09,False,7,6237.714285714285,6369.785714285715,53.87551789608209
2024-10-01,184.0,314.0,217.0,6040.0,137.0,6354.0,80.0,1.6314779270633295,55.0,Backlog Building,2024-10,False,7,6256.428571428572,6349.357142857143,68.6412343101334
2024-10-02,107.0,215.0,230.0,6091.0,173.0,6306.0,57.0,-0.7554296506137814,179.0,Backlog Building,2024-10,False,7,6270.857142857143,6333.642857142857,66.61438426102687
2024-10-03,101.0,162.0,178.0,6118.0,193.0,6280.0,-15.0,-0.4123057405645447,207.0,Backlog Building,2024-10,False,7,6270.571428571428,6321.214285714285,66.5628954269464
2024-10-07,99.0,190.0,176.0,5968.0,153.0,6158.0,23.0,-1.942675159235674,234.0,Backlog Building,2024-10,False,7,6253.857142857143,6301.214285714285,78.82560618527347
2024-10-08,167.0,239.0,166.0,6013.0,123.0,6252.0,43.0,1.5264696329977179,298.0,Backlog Building,2024-10,False,7,6248.571428571428,6281.285714285715,77.30212835115672
2024-10-09,115.0,216.0,169.0,6047.0,137.0,6263.0,32.0,0.175943698016634,262.0,Backlog Building,2024-10,False,7,6266.428571428572,6267.357142857143,60.005158508403305
2024-10-10,84.0,158.0,193.0,6075.0,159.0,6233.0,34.0,-0.4790036723614888,315.0,Backlog Building,2024-10,False,7,6263.714285714285,6250.714285714285,61.18473198904284
2024-10-13,130.0,227.0,192.0,5889.0,210.0,6116.0,-18.0,-1.8771057275790204,333.0,Backlog Building,2024-10,False,7,6229.714285714285,6243.071428571428,68.35864804035062
2024-10-14,88.0,214.0,160.0,5935.0,106.0,6149.0,54.0,0.5395683453237377,379.0,Backlog Building,2024-10,False,7,6207.285714285715,6239.071428571428,64.82210087543177
2024-10-15,113.0,208.0,159.0,6013.0,107.0,6221.0,52.0,1.170922101154659,402.0,Backlog Building,2024-10,False,7,6198.857142857143,6234.714285714285,57.176418715610296
2024-10-16,174.0,285.0,150.0,6036.0,129.0,6321.0,21.0,1.6074586079408482,372.0,Backlog Building,2024-10,False,7,6222.142857142857,6238.0,69.60466596291744
2024-10-17,104.0,230.0,206.0,6076.0,160.0,6306.0,46.0,-0.23730422401518902,431.0,Backlog Building,2024-10,False,7,6229.857142857143,6239.214285714285,76.14991479843732
2024-10-20,147.0,276.0,214.0,5918.0,195.0,6194.0,19.0,-1.776086267047261,474.0,Backlog Building,2024-10,False,7,6220.0,6243.214285714285,75.60864148142375
2024-10-21,108.0,220.0,213.0,5966.0,154.0,6186.0,59.0,-0.12915724895059544,487.0,Backlog Building,2024-10,False,7,6213.285714285715,6238.5,76.34508123364124
2024-10-22,180.0,280.0,146.0,6043.0,109.0,6323.0,37.0,2.2146783058519137,444.0,Backlog Building,2024-10,False,7,6242.857142857143,6236.285714285715,72.36810662952634
2024-10-23,134.0,294.0,186.0,6077.0,138.0,6371.0,48.0,0.7591333227898067,435.0,Backlog Building,2024-10,False,7,6274.571428571428,6240.928571428572,73.022501424459
2024-10-27,202.0,313.0,158.0,5974.0,192.0,6287.0,-34.0,-1.318474336838804,416.0,Backlog Building,2024-10,False,7,6284.0,6241.428571428572,69.10861017267914
2024-10-28,110.0,272.0,193.0,6008.0,156.0,6280.0,37.0,-0.11134086209638738,430.0,Backlog Building,2024-10,False,7,6278.142857142857,6250.142857142857,67.16007884506658
2024-10-29,166.0,277.0,229.0,6106.0,126.0,6383.0,103.0,1.6401273885350287,490.0,Backlog Building,2024-10,False,7,6289.142857142857,6259.5,77.92609441307512
2024-10-30,136.0,276.0,178.0,6149.0,160.0,6425.0,18.0,0.6579978066739711,476.0,Backlog Building,2024-10,False,7,6322.142857142857,6271.071428571428,79.80899817987513
2024-10-31,87.0,246.0,173.0,6148.0,177.0,6394.0,-4.0,-0.4824902723735369,438.0,Backlog Building,2024-10,False,7,6351.857142857143,6282.571428571428,55.77463154345792
2024-11-03,84.0,171.0,157.0,5990.0,184.0,6161.0,-27.0,-3.6440412887081663,429.0,Backlog Building,2024-11,False,7,6328.714285714285,6285.785714285715,91.75095691728315
2024-11-04,167.0,209.0,157.0,6007.0,132.0,6216.0,25.0,0.8927122220418804,400.0,Backlog Building,2024-11,False,7,6306.571428571428,6290.571428571428,98.313880238846
2024-11-05,109.0,245.0,159.0,6045.0,126.0,6290.0,33.0,1.1904761904761862,381.0,Backlog Building,2024-11,False,7,6307.0,6295.5,98.22083960816278
2024-11-06,156.0,256.0,176.0,6086.0,137.0,6342.0,39.0,0.8267090620031725,399.0,Backlog Building,2024-11,False,7,6315.857142857143,6297.0,98.17574135434515
2024-11-07,125.0,232.0,192.0,6084.0,177.0,6316.0,15.0,-0.40996531062755803,368.0,Backlog Building,2024-11,False,7,6306.285714285715,6297.714285714285,93.70292468881219
2024-11-11,118.0,139.0,168.0,5963.0,145.0,6102.0,23.0,-3.3882203926535737,372.0,Backlog Building,2024-11,False,7,6260.142857142857,6291.142857142857,104.41651940094918
2024-11-12,142.0,235.0,139.0,5975.0,138.0,6210.0,1.0,1.7699115044247815,314.0,Backlog Building,2024-11,False,7,6233.857142857143,6292.857142857143,86.77255436182313
2024-11-13,148.0,245.0,175.0,5966.0,151.0,6211.0,24.0,0.016103059581329404,301.0,Backlog Building,2024-11,False,7,6241.0,6284.857142857143,81.68435182660552
2024-11-14,119.0,219.0,210.0,6025.0,172.0,6244.0,38.0,0.5313154081468374,291.0,Backlog Building,2024-11,False,7,6245.0,6275.785714285715,80.93824806603688
2024-11-17,105.0,210.0,149.0,5816.0,195.0,6026.0,-46.0,-3.49135169762973,279.0,Backlog Building,2024-11,False,7,6207.285714285715,6257.142857142857,112.0159427428564
2024-11-18,143.0,203.0,163.0,5819.0,138.0,6022.0,25.0,-0.06637902422834685,267.0,Backlog Building,2024-11,False,7,6161.571428571428,6238.714285714285,113.16633354323471
2024-11-19,119.0,209.0,152.0,5844.0,146.0,6053.0,6.0,0.5147791431418192,170.0,Backlog Building,2024-11,False,7,6124.0,6215.142857142857,95.65388997143
2024-11-20,155.0,212.0,181.0,5879.0,148.0,6091.0,33.0,0.6277878737815934,185.0,Backlog Building,2024-11,False,7,6122.428571428572,6191.285714285715,96.16454152970744
2024-11-21,109.0,214.0,173.0,5850.0,210.0,6064.0,-37.0,-0.44327696601543787,152.0,Backlog Building,2024-11,False,7,6101.571428571428,6167.714285714285,89.61558112824049
2024-11-24,191.0,283.0,192.0,5664.0,207.0,5947.0,-15.0,-1.9294195250659674,164.0,Backlog Building,2024-11,False,7,6063.857142857143,6152.428571428572,91.42105623875483
2024-11-25,170.0,297.0,196.0,5715.0,129.0,6012.0,67.0,1.0929880612073228,206.0,Backlog Building,2024-11,False,7,6030.714285714285,6137.857142857143,45.99896479166647
2024-11-26,152.0,272.0,214.0,5826.0,112.0,6098.0,102.0,1.4304723885562254,275.0,Backlog Building,2024-11,False,7,6041.0,6124.142857142857,52.376839665385326
2024-11-27,239.0,367.0,224.0,5862.0,211.0,6229.0,13.0,2.1482453263365064,249.0,Backlog Building,2024-11,False,7,6070.571428571428,6116.071428571428,86.91155876877953
2024-11-28,113.0,280.0,237.0,5963.0,143.0,6243.0,94.0,0.224755177396041,328.0,Backlog Building,2024-11,False,7,6097.714285714285,6110.857142857143,107.69356880475539
2024-12-01,196.0,306.0,187.0,5986.0,149.0,6292.0,38.0,0.7848790645522907,343.0,Backlog Building,2024-12,False,7,6126.428571428572,6124.428571428572,130.07543598857833
2024-12-02,236.0,330.0,222.0,6061.0,115.0,6391.0,107.0,1.573426573426584,449.0,Backlog Building,2024-12,False,7,6173.142857142857,6137.357142857143,159.3438928559097
2024-12-03,81.0,230.0,242.0,6192.0,107.0,6422.0,135.0,0.48505711156312525,560.0,Backlog Building,2024-12,False,7,6241.0,6152.428571428572,147.70466027402713
2024-12-04,118.0,245.0,160.0,6269.0,115.0,6514.0,45.0,1.4325755216443525,567.0,Backlog Building,2024-12,False,7,6312.714285714285,6171.714285714285,139.63489808032799
2024-12-05,218.0,283.0,208.0,6310.0,150.0,6593.0,58.0,1.2127724900214965,671.0,Backlog Building,2024-12,False,7,6383.428571428572,6212.214285714285,138.10727369555016
2024-12-08,132.0,243.0,183.0,6286.0,172.0,6529.0,11.0,-0.9707265281359012,657.0,Backlog Building,2024-12,False,7,6426.285714285715,6248.428571428572,128.40523650499273
2024-12-09,224.0,315.0,152.0,6268.0,174.0,6583.0,-22.0,0.8270791851738402,629.0,Backlog Building,2024-12,False,7,6474.857142857143,6286.285714285715,110.5884692172183
2024-12-10,167.0,326.0,213.0,6310.0,149.0,6636.0,64.0,0.8051040559015732,660.0,Backlog Building,2024-12,False,7,6524.0,6325.214285714285,90.37329989178892
2024-12-11,209.0,353.0,232.0,6402.0,152.0,6755.0,80.0,1.793248945147674,777.0,Backlog Building,2024-12,False,7,6576.0,6374.571428571428,104.68046618160268
2024-12-12,153.0,253.0,286.0,6481.0,194.0,6734.0,92.0,-0.31088082901554737,884.0,Backlog Building,2024-12,False,7,6620.571428571428,6430.785714285715,94.06532684407784
2024-12-15,180.0,337.0,219.0,6408.0,224.0,6745.0,-5.0,0.16335016335016217,812.0,Backlog Building,2024-12,False,7,6653.571428571428,6483.142857142857,90.91361677044338
2024-12-16,133.0,287.0,189.0,6454.0,149.0,6741.0,40.0,-0.05930318754633346,750.0,Backlog Building,2024-12,False,7,6674.714285714285,6529.071428571428,91.6855391827705
2024-12-17,187.0,310.0,247.0,6506.0,151.0,6816.0,96.0,1.1125945705384943,833.0,Backlog Building,2024-12,False,7,6715.714285714285,6571.0,78.950858736528
2024-12-18,168.0,285.0,210.0,6598.0,134.0,6883.0,76.0,0.9829812206572752,815.0,Backlog Building,2024-12,False,7,6758.571428571428,6616.714285714285,76.28205805397062
2024-12-19,269.0,412.0,204.0,6600.0,238.0,7012.0,-34.0,1.8741827691413526,743.0,Backlog Building,2024-12,False,7,6812.285714285715,6668.142857142857,103.2145246330906
2024-12-22,100.0,255.0,236.0,6595.0,268.0,6850.0,-32.0,-2.310325156873927,604.0,Backlog Building,2024-12,False,7,6825.857142857143,6700.928571428572,100.6403308344767
2024-12-23,205.0,294.0,177.0,6548.0,231.0,6842.0,-54.0,-0.11678832116788218,415.0,Backlog Building,2024-12,False,7,6841.285714285715,6730.928571428572,92.12982558271482
2024-12-24,161.0,304.0,211.0,6622.0,155.0,6926.0,56.0,1.2277111955568465,426.0,Backlog Building,2024-12,False,7,6867.142857142857,6760.357142857143,85.78350379767741
2024-12-25,57.0,162.0,193.0,6689.0,107.0,6851.0,86.0,-1.082876118971987,454.0,Backlog Building,2024-12,False,7,6882.857142857143,6778.785714285715,66.79927287882265
2024-12-26,80.0,122.0,152.0,6707.0,135.0,6829.0,17.0,-0.3211210042329604,460.0,Backlog Building,2024-12,False,7,6884.714285714285,6800.214285714285,64.78094958062883
2024-12-29,107.0,170.0,133.0,6465.0,216.0,6635.0,-83.0,-2.8408258895885163,399.0,Backlog Building,2024-12,False,7,6849.285714285715,6803.928571428572,114.56252191955345
2024-12-30,99.0,156.0,139.0,6454.0,177.0,6610.0,-38.0,-0.37678975131876236,297.0,Backlog Building,2024-12,False,7,6791.857142857143,6802.071428571428,120.02975821495242
2025-01-01,25.0,66.0,94.0,6405.0,144.0,6471.0,-50.0,-2.1028744326777593,167.0,Backlog Building,2025-01,False,7,6737.714285714285,6781.785714285715,166.0780080621819
2025-01-02,35.0,70.0,53.0,6292.0,170.0,6362.0,-117.0,-1.6844382630196275,-42.0,Backlog Relieving,2025-01,False,7,6669.142857142857,6755.214285714285,209.30952245531964
2025-01-05,43.0,73.0,64.0,5882.0,185.0,5955.0,-121.0,-6.397359320968254,-158.0,Backlog Relieving,2025-01,False,7,6530.428571428572,6698.785714285715,308.8137826926623
2025-01-06,41.0,60.0,71.0,5769.0,190.0,5829.0,-119.0,-2.1158690176322437,-317.0,Backlog Relieving,2025-01,False,7,6384.428571428572,6633.642857142857,367.92655840663554
2025-01-07,65.0,83.0,65.0,5703.0,133.0,5786.0,-68.0,-0.7376908560645101,-481.0,Backlog Relieving,2025-01,False,7,6235.428571428572,6560.071428571428,369.0721958022379
2025-01-08,38.0,80.0,82.0,5605.0,184.0,5685.0,-102.0,-1.7455928102315887,-659.0,Backlog Relieving,2025-01,False,7,6099.714285714285,6474.5,372.3061975872886
2025-01-09,56.0,82.0,68.0,5507.0,164.0,5589.0,-96.0,-1.6886543535620024,-721.0,Backlog Relieving,2025-01,False,7,5953.857142857143,6372.857142857143,337.4386011170192
2025-01-12,74.0,103.0,80.0,5092.0,235.0,5195.0,-155.0,-7.049561638933621,-844.0,Backlog Relieving,2025-01,False,7,5771.571428571428,6254.642857142857,355.67300391551805
2025-01-13,68.0,107.0,102.0,5019.0,181.0,5126.0,-79.0,-1.3282001924927789,-869.0,Backlog Relieving,2025-01,False,7,5595.0,6132.071428571428,318.573382441163
2025-01-14,92.0,124.0,93.0,4957.0,139.0,5081.0,-46.0,-0.877877487319545,-971.0,Backlog Relieving,2025-01,False,7,5470.142857142857,6000.285714285715,325.1678687342082
2025-01-15,113.0,162.0,107.0,4903.0,164.0,5065.0,-57.0,-0.3148986419996058,-1114.0,Backlog Relieving,2025-01,False,7,5361.0,5872.714285714285,312.6185108616229
2025-01-16,106.0,196.0,131.0,4881.0,159.0,5077.0,-28.0,0.23692003948667661,-1159.0,Backlog Relieving,2025-01,False,7,5259.714285714285,5747.571428571428,262.8692414400061
2025-01-19,86.0,152.0,168.0,4628.0,176.0,4780.0,-8.0,-5.849911364979321,-1084.0,Backlog Relieving,2025-01,False,7,5130.428571428572,5615.071428571428,240.43561656770592
2025-01-20,84.0,118.0,136.0,4638.0,127.0,4756.0,9.0,-0.5020920502092019,-1037.0,Backlog Relieving,2025-01,False,7,5011.428571428572,5482.642857142857,172.06477185726882
2025-01-21,59.0,64.0,117.0,4728.0,54.0,4792.0,63.0,0.7569386038688064,-924.0,Backlog Relieving,2025-01,False,7,4953.857142857143,5362.714285714285,167.77308939105305
2025-01-22,62.0,97.0,52.0,4717.0,83.0,4814.0,-31.0,0.45909849749583564,-838.0,Backlog Relieving,2025-01,False,7,4909.285714285715,5252.142857142857,155.40668613430785
2025-01-23,91.0,75.0,97.0,4621.0,174.0,4696.0,-77.0,-2.451184046530952,-794.0,Backlog Relieving,2025-01,False,7,4854.285714285715,5162.214285714285,152.60921148011062
2025-01-26,29.0,51.0,11.0,4241.0,182.0,4292.0,-171.0,-8.603066439523,-846.0,Backlog Relieving,2025-01,False,7,4743.857142857143,5052.428571428572,233.14546858950587
2025-01-27,33.0,53.0,34.0,4161.0,127.0,4214.0,-93.0,-1.817334575955265,-871.0,Backlog Relieving,2025-01,False,7,4620.571428571428,4940.142857142857,254.79067038315497
2025-01-28,32.0,49.0,39.0,4096.0,101.0,4145.0,-62.0,-1.6373991457047987,-831.0,Backlog Relieving,2025-01,False,7,4529.857142857143,4830.142857142857,297.9532561613572
2025-01-29,32.0,50.0,39.0,4036.0,99.0,4086.0,-60.0,-1.423401688781667,-795.0,Backlog Relieving,2025-01,False,7,4434.142857142857,4722.785714285715,319.9991815465928
2025-01-30,47.0,42.0,47.0,3923.0,159.0,3965.0,-112.0,-2.961331375428289,-752.0,Backlog Relieving,2025-01,False,7,4316.0,4634.928571428572,318.51896856128843
2025-02-02,20.0,22.0,41.0,3483.0,168.0,3505.0,-127.0,-11.601513240857509,-800.0,Backlog Relieving,2025-02,False,7,4129.0,4519.142857142857,359.0868047329898
2025-02-03,23.0,45.0,11.0,3403.0,102.0,3448.0,-91.0,-1.6262482168330927,-845.0,Backlog Relieving,2025-02,False,7,3950.714285714286,4402.5,339.95868096273244
2025-02-04,34.0,54.0,29.0,3359.0,74.0,3413.0,-45.0,-1.0150812064965153,-833.0,Backlog Relieving,2025-02,False,7,3825.1428571428573,4284.5,354.897839089636
2025-02-05,26.0,36.0,36.0,3290.0,104.0,3326.0,-68.0,-2.5490770583064704,-873.0,Backlog Relieving,2025-02,False,7,3698.285714285714,4159.428571428572,351.4255323136362
2025-02-06,25.0,32.0,27.0,3181.0,145.0,3213.0,-118.0,-3.397474443776305,-983.0,Backlog Relieving,2025-02,False,7,3565.1428571428573,4047.5,329.8633194579661
2025-02-09,15.0,13.0,23.0,2878.0,99.0,2891.0,-76.0,-10.02178649237473,-1068.0,Backlog Relieving,2025-02,False,7,3394.4285714285716,3914.285714285714,324.55911487376056
2025-02-10,16.0,18.0,15.0,2834.0,63.0,2852.0,-48.0,-1.3490141819439638,-1179.0,Backlog Relieving,2025-02,False,7,3235.4285714285716,3775.714285714286,265.75104712425866
2025-02-11,11.0,22.0,12.0,2799.0,50.0,2821.0,-38.0,-1.0869565217391353,-1186.0,Backlog Relieving,2025-02,False,7,3137.714285714286,3633.3571428571427,275.6771749019608
2025-02-12,16.0,20.0,20.0,2752.0,66.0,2772.0,-46.0,-1.7369727047146455,-1155.0,Backlog Relieving,2025-02,False,7,3041.1428571428573,3495.9285714285716,267.1375604262687
2025-02-13,15.0,10.0,23.0,2703.0,72.0,2713.0,-49.0,-2.128427128427124,-1033.0,Backlog Relieving,2025-02,False,7,2941.1428571428573,3383.1428571428573,233.6574619476818
2025-02-17,8.0,17.0,14.0,2532.0,15.0,2549.0,-1.0,-6.044968669369699,-941.0,Backlog Relieving,2025-02,False,7,2830.1428571428573,3264.214285714286,202.89112726739225
2025-02-18,18.0,19.0,11.0,2536.0,9.0,2555.0,2.0,0.23538642604943316,-877.0,Backlog Relieving,2025-02,False,7,2736.1428571428573,3150.6428571428573,137.99810212644397
2025-02-19,12.0,17.0,17.0,2528.0,19.0,2545.0,-2.0,-0.3913894324853229,-819.0,Backlog Relieving,2025-02,False,7,2686.714285714286,3040.5714285714284,135.22415253421272
2025-02-20,13.0,25.0,15.0,2520.0,32.0,2545.0,-17.0,0.0,-724.0,Backlog Relieving,2025-02,False,7,2642.8571428571427,2939.1428571428573,121.80096957947855
2025-02-23,7.0,16.0,8.0,2423.0,35.0,2439.0,-27.0,-4.165029469548132,-624.0,Backlog Relieving,2025-02,False,7,2588.285714285714,2863.0,114.00981578470906
2025-02-24,20.0,22.0,14.0,2413.0,24.0,2435.0,-10.0,-0.16400164001639794,-543.0,Backlog Relieving,2025-02,False,7,2540.1428571428573,2790.6428571428573,92.65604598280865
2025-02-25,11.0,7.0,7.0,2413.0,23.0,2420.0,-16.0,-0.6160164271047264,-514.0,Backlog Relieving,2025-02,False,7,2498.285714285714,2719.714285714286,62.983368931254375
2025-02-26,12.0,21.0,1.0,2411.0,23.0,2432.0,-22.0,0.49586776859504855,-468.0,Backlog Relieving,2025-02,False,7,2481.5714285714284,2655.8571428571427,62.80620230235941
2025-02-27,10.0,15.0,17.0,2391.0,37.0,2406.0,-20.0,-1.0690789473684181,-370.0,Backlog Relieving,2025-02,False,7,2460.285714285714,2598.214285714286,58.900238499212264
2025-03-02,12.0,24.0,4.0,2297.0,31.0,2321.0,-27.0,-3.5328345802161265,-321.0,Backlog Relieving,2025-03,False,7,2428.285714285714,2557.5,65.66509546121858
2025-03-03,8.0,29.0,18.0,2287.0,25.0,2316.0,-7.0,-0.21542438604049696,-280.0,Backlog Relieving,2025-03,False,7,2395.5714285714284,2519.214285714286,53.79856609903389
2025-03-04,4.0,25.0,10.0,2272.0,30.0,2297.0,-20.0,-0.8203799654576849,-262.0,Backlog Relieving,2025-03,False,7,2375.285714285714,2481.785714285714,60.985556447938016
2025-03-05,5.0,20.0,4.0,2238.0,40.0,2258.0,-36.0,-1.6978667827601268,-252.0,Backlog Relieving,2025-03,False,7,2350.0,2445.0714285714284,68.3495915620084
2025-03-06,7.0,27.0,6.0,2218.0,33.0,2245.0,-27.0,-0.5757307351638596,-230.0,Backlog Relieving,2025-03,False,7,2325.0,2411.6428571428573,70.45092854860182
2025-03-09,12.0,25.0,15.0,2137.0,30.0,2162.0,-15.0,-3.697104677060137,-244.0,Backlog Relieving,2025-03,False,7,2286.4285714285716,2384.0,75.81305328006613
2025-03-10,6.0,28.0,8.0,2125.0,23.0,2153.0,-15.0,-0.4162812210915856,-261.0,Backlog Relieving,2025-03,False,7,2250.285714285714,2355.285714285714,69.33905654053893
2025-03-11,3.0,11.0,7.0,2116.0,20.0,2127.0,-13.0,-1.207617278216444,-272.0,Backlog Relieving,2025-03,False,7,2222.5714285714284,2325.4285714285716,74.91074053596378
2025-03-12,6.0,18.0,2.0,2113.0,8.0,2131.0,-6.0,0.18805829807240215,-261.0,Backlog Relieving,2025-03,False,7,2196.1428571428573,2295.8571428571427,68.84385368719398
2025-03-13,4.0,20.0,9.0,2116.0,6.0,2136.0,3.0,0.2346316283434957,-231.0,Backlog Relieving,2025-03,False,7,2173.1428571428573,2274.214285714286,55.04370557872389
2025-03-16,1.0,9.0,8.0,2117.0,5.0,2126.0,3.0,-0.46816479400748623,-218.0,Backlog Relieving,2025-03,False,7,2154.285714285714,2252.1428571428573,42.25207799938264
2025-03-17,5.0,14.0,0.0,2111.0,8.0,2125.0,-8.0,-0.04703668861711918,-210.0,Backlog Relieving,2025-03,False,7,2137.1428571428573,2231.0714285714284,14.622227047800589
2025-03-18,19.0,34.0,6.0,2109.0,8.0,2143.0,-2.0,0.8470588235294008,-190.0,Backlog Relieving,2025-03,False,7,2134.4285714285716,2210.4285714285716,10.390013521661121
2025-03-19,6.0,22.0,14.0,2119.0,9.0,2141.0,5.0,-0.09332711152589823,-165.0,Backlog Relieving,2025-03,False,7,2132.714285714286,2191.5,7.364651740987036
2025-03-20,9.0,20.0,11.0,2124.0,7.0,2144.0,4.0,0.14012143858010973,-134.0,Backlog Relieving,2025-03,False,7,2135.1428571428573,2178.8571428571427,7.946247993284287
2025-03-23,15.0,29.0,9.0,2136.0,2.0,2165.0,7.0,0.9794776119403048,-120.0,Backlog Relieving,2025-03,False,7,2140.0,2168.0714285714284,13.466006585518452
2025-03-24,7.0,13.0,11.0,2139.0,7.0,2152.0,4.0,-0.6004618937644368,-96.0,Backlog Relieving,2025-03,False,7,2142.285714285714,2157.714285714286,14.020393311148933
2025-03-25,12.0,19.0,7.0,2145.0,6.0,2164.0,1.0,0.5576208178438735,-59.0,Backlog Relieving,2025-03,False,7,2147.714285714286,2151.0,14.02039331114789
2025-03-26,9.0,21.0,15.0,2159.0,2.0,2180.0,13.0,0.7393715341959428,-19.0,Backlog Relieving,2025-03,False,7,2155.5714285714284,2146.3571428571427,14.57002794484363
2025-03-27,1.0,19.0,13.0,2159.0,2.0,2178.0,11.0,-0.09174311926605228,7.0,Backlog Building,2025-03,False,7,2160.5714285714284,2147.5,15.51190019458713
2025-03-30,9.0,20.0,5.0,2188.0,2.0,2208.0,3.0,1.377410468319562,25.0,Backlog Building,2025-03,False,7,2170.1428571428573,2151.4285714285716,21.09050790847063
2025-03-31,9.0,25.0,8.0,2193.0,5.0,2218.0,3.0,0.45289855072463414,41.0,Backlog Building,2025-03,False,7,2180.714285714286,2157.9285714285716,24.129610342187163
2025-04-01,17.0,36.0,7.0,2191.0,12.0,2227.0,-5.0,0.4057709648331853,42.0,Backlog Building,2025-04,False,7,2189.5714285714284,2164.785714285714,28.401039552218776
2025-04-02,5.0,31.0,16.0,2208.0,3.0,2239.0,13.0,0.5388414907947947,52.0,Backlog Building,2025-04,False,7,2202.0,2172.1428571428573,28.254793104195947
2025-04-03,12.0,26.0,18.0,2223.0,8.0,2249.0,10.0,0.44662795891021734,59.0,Backlog Building,2025-04,False,7,2214.1428571428573,2180.9285714285716,27.455591850059424
2025-04-06,7.0,14.0,7.0,2234.0,11.0,2248.0,-4.0,-0.04446420631392112,63.0,Backlog Building,2025-04,False,7,2223.8571428571427,2189.714285714286,25.307631072537575
2025-04-07,12.0,22.0,9.0,2237.0,5.0,2259.0,4.0,0.48932384341637825,69.0,Backlog Building,2025-04,False,7,2235.4285714285716,2198.0,18.42875599834326
2025-04-08,12.0,34.0,12.0,2243.0,9.0,2277.0,3.0,0.7968127490039834,67.0,Backlog Building,2025-04,False,7,2245.285714285714,2207.714285714286,19.720668394660038
2025-04-09,6.0,19.0,10.0,2251.0,5.0,2270.0,5.0,-0.30742204655248573,68.0,Backlog Building,2025-04,False,7,2252.714285714286,2216.714285714286,17.384996268778615
2025-04-10,18.0,25.0,17.0,2265.0,6.0,2290.0,11.0,0.8810572687224738,72.0,Backlog Building,2025-04,False,7,2261.714285714286,2225.6428571428573,18.14491926863843
2025-04-11,8.0,22.0,8.0,2267.0,9.0,2289.0,-1.0,-0.04366812227074579,67.0,Backlog Building,2025-04,False,7,2268.8571428571427,2235.4285714285716,17.544501242178473
2025-04-13,5.0,26.0,10.0,2283.0,3.0,2309.0,7.0,0.8737439930100566,73.0,Backlog Building,2025-04,False,7,2277.4285714285716,2245.785714285714,20.614373164848217
2025-04-14,5.0,26.0,9.0,2282.0,13.0,2308.0,-4.0,-0.04330879168471524,56.0,Backlog Building,2025-04,False,7,2286.0,2254.9285714285716,18.72609587431005
2025-04-15,4.0,19.0,12.0,2286.0,7.0,2305.0,5.0,-0.12998266897746857,50.0,Backlog Building,2025-04,False,7,2292.5714285714284,2264.0,15.458084647831734
2025-04-16,11.0,30.0,5.0,2291.0,8.0,2321.0,-3.0,0.694143167028205,44.0,Backlog Building,2025-04,False,7,2298.8571428571427,2272.0714285714284,16.945290117610135
2025-04-17,7.0,26.0,10.0,2288.0,14.0,2314.0,-4.0,-0.30159414045669575,37.0,Backlog Building,2025-04,False,7,2305.1428571428573,2278.9285714285716,11.852265205574744
2025-04-20,4.0,15.0,6.0,2305.0,4.0,2320.0,2.0,0.2592912705272177,44.0,Backlog Building,2025-04,False,7,2309.4285714285716,2285.5714285714284,10.845231562586198
2025-04-21,10.0,25.0,5.0,2308.0,6.0,2333.0,-1.0,0.5603448275862011,30.0,Backlog Building,2025-04,False,7,2315.714285714286,2292.285714285714,9.724784244314497
2025-04-22,7.0,19.0,14.0,2305.0,17.0,2324.0,-3.0,-0.385769395627944,17.0,Backlog Building,2025-04,False,7,2317.8571428571427,2297.6428571428573,9.651054718002895
2025-04-23,3.0,23.0,4.0,2300.0,11.0,2323.0,-7.0,-0.0430292598967319,14.0,Backlog Building,2025-04,False,7,2320.0,2303.0,8.717797888630985
2025-04-24,3.0,9.0,7.0,2294.0,13.0,2303.0,-6.0,-0.860955660783469,4.0,Backlog Building,2025-04,False,7,2319.714285714286,2306.1428571428573,9.3043768516999
2025-04-27,9.0,40.0,12.0,2301.0,4.0,2341.0,8.0,1.6500217108119886,9.0,Backlog Building,2025-04,False,7,2322.5714285714284,2310.714285714286,12.340409811376645
2025-04-28,6.0,26.0,12.0,2307.0,8.0,2333.0,4.0,-0.34173430158052076,8.0,Backlog Building,2025-04,False,7,2325.285714285714,2315.214285714286,12.229939844431817
2025-04-29,11.0,25.0,11.0,2304.0,15.0,2329.0,-4.0,-0.17145306472353683,-7.0,Backlog Relieving,2025-04,False,7,2326.5714285714284,2318.0,12.053452381483906
2025-04-30,7.0,34.0,9.0,2309.0,12.0,2343.0,-3.0,0.6011163589523472,-9.0,Backlog Relieving,2025-04,False,7,2328.0,2321.8571428571427,13.453624048076335
2025-05-01,13.0,32.0,14.0,2306.0,16.0,2338.0,-2.0,-0.21340162185232714,-18.0,Backlog Relieving,2025-05,False,7,2330.0,2323.9285714285716,13.796134725360606
2025-05-04,9.0,31.0,10.0,2335.0,5.0,2366.0,5.0,1.1976047904191711,-9.0,Backlog Relieving,2025-05,False,7,2336.1428571428573,2328.0714285714284,18.81868372574963
2025-05-05,15.0,44.0,20.0,2331.0,17.0,2375.0,3.0,0.3803888419273038,-11.0,Backlog Relieving,2025-05,False,7,2346.4285714285716,2333.0714285714284,17.299876135759053
2025-05-06,10.0,33.0,16.0,2339.0,16.0,2372.0,0.0,-0.1263157894736855,-8.0,Backlog Relieving,2025-05,False,7,2350.8571428571427,2336.714285714286,19.50579889425348
2025-05-07,10.0,30.0,15.0,2335.0,10.0,2365.0,5.0,-0.295109612141653,1.0,Backlog Building,2025-05,False,7,2355.4285714285716,2340.3571428571427,18.338094620558653
2025-05-08,15.0,24.0,16.0,2361.0,11.0,2385.0,5.0,0.8456659619450413,4.0,Backlog Building,2025-05,False,7,2363.4285714285716,2345.0,17.057326313909552
2025-05-11,15.0,20.0,12.0,2385.0,3.0,2405.0,9.0,0.8385744234800763,14.0,Backlog Building,2025-05,False,7,2372.285714285714,2350.1428571428573,20.442719044479603
2025-05-12,7.0,33.0,14.0,2392.0,7.0,2425.0,7.0,0.8316008316008316,24.0,Backlog Building,2025-05,False,7,2384.714285714286,2357.3571428571427,22.4700859351152
2025-05-13,18.0,29.0,12.0,2394.0,11.0,2423.0,1.0,-0.08247422680411898,32.0,Backlog Building,2025-05,False,7,2392.8571428571427,2364.5,24.768451516048472
2025-05-14,7.0,30.0,14.0,2394.0,11.0,2424.0,3.0,0.04127115146512761,41.0,Backlog Building,2025-05,False,7,2399.8571428571427,2373.1428571428573,25.783900477548702
2025-05-15,15.0,31.0,14.0,2410.0,14.0,2441.0,0.0,0.7013201320132056,33.0,Backlog Building,2025-05,False,7,2409.714285714286,2380.285714285714,26.5374847200079
2025-05-18,13.0,28.0,14.0,2437.0,9.0,2465.0,5.0,0.9832036050798854,34.0,Backlog Building,2025-05,False,7,2424.0,2389.714285714286,25.344295874216265
2025-05-19,7.0,27.0,17.0,2457.0,6.0,2484.0,11.0,0.7707910750507141,49.0,Backlog Building,2025-05,False,7,2438.1428571428573,2400.785714285714,27.48592713558331
2025-05-21,14.0,62.0,13.0,2467.0,18.0,2529.0,-5.0,1.8115942028985588,47.0,Backlog Building,2025-05,False,7,2455.8571428571427,2414.0714285714284,39.77615940697588
2025-05-22,18.0,36.0,17.0,2473.0,15.0,2509.0,2.0,-0.7908264136022192,51.0,Backlog Building,2025-05,False,7,2467.8571428571427,2426.285714285714,41.54687542004919
2025-05-27,6.0,24.0,7.0,2504.0,11.0,2528.0,-4.0,0.757273814268622,42.0,Backlog Building,2025-05,False,7,2482.8571428571427,2437.8571428571427,41.607004905051745
2025-05-28,12.0,39.0,12.0,2499.0,14.0,2538.0,-2.0,0.39556962025315556,37.0,Backlog Building,2025-05,False,7,2499.1428571428573,2449.5,36.757895167826234
2025-05-29,13.0,38.0,15.0,2506.0,11.0,2544.0,4.0,0.23640661938533203,41.0,Backlog Building,2025-05,False,7,2513.8571428571427,2461.785714285714,29.503833488246087
2025-06-01,8.0,24.0,16.0,2528.0,12.0,2552.0,4.0,0.3144654088050425,40.0,Backlog Building,2025-06,False,7,2526.285714285714,2475.1428571428573,23.128008170412205
2025-06-02,10.0,19.0,5.0,2518.0,16.0,2537.0,-11.0,-0.5877742946708508,24.0,Backlog Building,2025-06,False,7,2533.8571428571427,2486.0,13.75292176843565
2025-06-03,5.0,23.0,11.0,2519.0,15.0,2542.0,-4.0,0.19708316909736734,11.0,Backlog Building,2025-06,False,7,2535.714285714286,2495.785714285714,13.86499532145394
2025-06-04,4.0,16.0,9.0,2516.0,16.0,2532.0,-7.0,-0.3933910306844979,-3.0,Backlog Relieving,2025-06,False,7,2539.0,2503.4285714285716,7.937253934820713
2025-06-05,8.0,26.0,5.0,2503.0,21.0,2529.0,-16.0,-0.11848341232227888,-20.0,Backlog Relieving,2025-06,False,7,2539.1428571428573,2511.0,7.712080815319308
2025-06-08,10.0,16.0,15.0,2507.0,13.0,2523.0,2.0,-0.23724792408066353,-21.0,Backlog Relieving,2025-06,False,7,2537.0,2518.0714285714284,9.865765725941902
2025-06-09,8.0,21.0,14.0,2516.0,9.0,2537.0,5.0,0.5548949663099378,-16.0,Backlog Relieving,2025-06,False,7,2536.0,2524.9285714285716,9.380831521024225
2025-06-10,17.0,28.0,7.0,2511.0,12.0,2539.0,-5.0,0.07883326763893361,-26.0,Backlog Relieving,2025-06,False,7,2534.1428571428573,2530.214285714286,6.542898733388372
2025-06-17,7.0,24.0,10.0,2523.0,14.0,2547.0,-4.0,0.3150846790074935,-41.0,Backlog Relieving,2025-06,False,7,2535.5714285714284,2534.714285714286,8.162049230732029
2025-06-19,8.0,19.0,7.0,2501.0,18.0,2520.0,-11.0,-1.0600706713780883,-47.0,Backlog Relieving,2025-06,False,7,2532.4285714285716,2534.0714285714284,9.41376904565354
2025-06-22,7.0,13.0,5.0,2508.0,7.0,2521.0,-2.0,0.03968253968253954,-51.0,Backlog Relieving,2025-06,False,7,2530.8571428571427,2534.9285714285716,10.367072417131727
2025-06-23,3.0,15.0,5.0,2495.0,17.0,2510.0,-12.0,-0.4363347877826218,-59.0,Backlog Relieving,2025-06,False,7,2528.1428571428573,2533.6428571428573,13.069411763174312
2025-06-24,5.0,20.0,5.0,2489.0,16.0,2509.0,-11.0,-0.03984063745019473,-68.0,Backlog Relieving,2025-06,False,7,2526.1428571428573,2531.5714285714284,14.926805546914862
2025-06-25,6.0,12.0,2.0,2470.0,24.0,2482.0,-22.0,-1.0761259465922657,-94.0,Backlog Relieving,2025-06,False,7,2518.285714285714,2527.1428571428573,21.351926422004297
2025-06-26,3.0,9.0,7.0,2447.0,35.0,2456.0,-28.0,-1.0475423045930743,-126.0,Backlog Relieving,2025-06,False,7,2506.4285714285716,2520.285714285714,29.44405510418633
2025-06-29,5.0,17.0,7.0,2413.0,20.0,2430.0,-13.0,-1.0586319218241047,-128.0,Backlog Relieving,2025-06,False,7,2489.714285714286,2512.6428571428573,35.217014286622145
2025-06-30,9.0,22.0,8.0,2407.0,16.0,2429.0,-8.0,-0.04115226337448874,-132.0,Backlog Relieving,2025-06,False,7,2476.714285714286,2504.5714285714284,38.788805454635195
2025-07-01,7.0,14.0,6.0,2391.0,22.0,2405.0,-16.0,-0.9880609304240395,-141.0,Backlog Relieving,2025-07,False,7,2460.1428571428573,2495.5,41.4062337154972
2025-07-02,8.0,20.0,9.0,2373.0,38.0,2393.0,-29.0,-0.498960498960499,-154.0,Backlog Relieving,2025-07,False,7,2443.4285714285716,2485.785714285714,41.54057110398596
2025-07-06,4.0,17.0,2.0,2332.0,8.0,2349.0,-6.0,-1.8386961972419513,-162.0,Backlog Relieving,2025-07,False,7,2420.5714285714284,2473.3571428571427,43.42371526764402
2025-07-07,3.0,18.0,8.0,2317.0,20.0,2335.0,-12.0,-0.5959982971477262,-179.0,Backlog Relieving,2025-07,False,7,2399.5714285714284,2458.9285714285716,44.30145649575783
2025-07-08,5.0,16.0,8.0,2306.0,20.0,2322.0,-12.0,-0.5567451820128522,-186.0,Backlog Relieving,2025-07,False,7,2380.4285714285716,2443.4285714285716,44.80274226330672
2025-07-09,2.0,18.0,0.0,2281.0,32.0,2299.0,-32.0,-0.9905254091300608,-214.0,Backlog Relieving,2025-07,False,7,2361.714285714286,2425.714285714286,47.89820555370301
2025-07-10,2.0,12.0,3.0,2252.0,39.0,2264.0,-36.0,-1.5224010439321423,-239.0,Backlog Relieving,2025-07,False,7,2338.1428571428573,2407.4285714285716,49.82779870550542
2025-07-13,1.0,13.0,4.0,2204.0,10.0,2217.0,-6.0,-2.075971731448767,-243.0,Backlog Relieving,2025-07,False,7,2311.285714285714,2385.714285714286,57.81209298464407
2025-07-14,2.0,9.0,1.0,2181.0,26.0,2190.0,-25.0,-1.2178619756427644,-256.0,Backlog Relieving,2025-07,False,7,2282.285714285714,2362.8571428571427,60.82684244584791
2025-07-15,0.0,8.0,5.0,2171.0,17.0,2179.0,-12.0,-0.5022831050228271,-257.0,Backlog Relieving,2025-07,False,7,2258.0,2339.285714285714,63.62389488256293
2025-07-16,1.0,9.0,0.0,2164.0,11.0,2173.0,-11.0,-0.275355667737498,-246.0,Backlog Relieving,2025-07,False,7,2234.8571428571427,2317.214285714286,60.325308595733304
2025-07-17,3.0,16.0,2.0,2153.0,17.0,2169.0,-15.0,-0.18407731247124248,-233.0,Backlog Relieving,2025-07,False,7,2213.0,2296.714285714286,50.38849074965214
2025-07-21,4.0,18.0,7.0,2121.0,16.0,2139.0,-9.0,-1.3831258644536604,-229.0,Backlog Relieving,2025-07,False,7,2190.1428571428573,2275.9285714285716,40.11827751168
2025-07-22,5.0,13.0,3.0,2117.0,16.0,2130.0,-13.0,-0.42075736325385416,-234.0,Backlog Relieving,2025-07,False,7,2171.0,2254.5714285714284,29.59166549376379
2025-07-23,6.0,21.0,5.0,2111.0,14.0,2132.0,-9.0,0.09389671361501595,-227.0,Backlog Relieving,2025-07,False,7,2158.8571428571427,2235.0714285714284,24.58609750457434
2025-07-24,6.0,18.0,7.0,2096.0,29.0,2114.0,-22.0,-0.8442776735459678,-220.0,Backlog Relieving,2025-07,False,7,2148.0,2215.1428571428573,25.31139400931915
2025-07-27,1.0,12.0,2.0,2088.0,4.0,2100.0,-2.0,-0.6622516556291425,-216.0,Backlog Relieving,2025-07,False,7,2136.714285714286,2197.3571428571427,26.756396654504464
2025-07-28,2.0,9.0,3.0,2080.0,14.0,2089.0,-11.0,-0.5238095238095264,-215.0,Backlog Relieving,2025-07,False,7,2124.714285714286,2179.785714285714,26.606479698247764
2025-07-29,2.0,8.0,3.0,2072.0,12.0,2080.0,-9.0,-0.43082814743896636,-212.0,Backlog Relieving,2025-07,False,7,2112.0,2162.5,22.927421719313998
2025-07-30,4.0,15.0,4.0,2063.0,16.0,2078.0,-12.0,-0.09615384615384581,-192.0,Backlog Relieving,2025-07,False,7,2103.285714285714,2146.714285714286,22.54413660504131
2025-07-31,2.0,9.0,6.0,2058.0,15.0,2067.0,-9.0,-0.5293551491819093,-165.0,Backlog Relieving,2025-07,False,7,2094.285714285714,2132.6428571428573,22.676818455568903
2025-08-03,5.0,26.0,3.0,2049.0,5.0,2075.0,-2.0,0.38703434929849845,-161.0,Backlog Relieving,2025-08,False,7,2086.1428571428573,2122.5,16.18052915816778
2025-08-04,5.0,22.0,11.0,2040.0,14.0,2062.0,-3.0,-0.6265060240963849,-139.0,Backlog Relieving,2025-08,False,7,2078.714285714286,2113.3571428571427,12.854497083392353
2025-08-05,2.0,21.0,10.0,2042.0,14.0,2063.0,-4.0,0.04849660523762456,-131.0,Backlog Relieving,2025-08,False,7,2073.4285714285716,2105.0714285714284,9.913915185969797
2025-08-06,4.0,17.0,3.0,2036.0,13.0,2053.0,-10.0,-0.4847309743092554,-130.0,Backlog Relieving,2025-08,False,7,2068.285714285714,2096.5,9.82707629971171
2025-08-07,4.0,18.0,6.0,2031.0,17.0,2049.0,-11.0,-0.1948368241597609,-126.0,Backlog Relieving,2025-08,False,7,2063.8571428571427,2087.9285714285716,10.621182789053425
2025-08-10,0.0,18.0,8.0,2006.0,12.0,2024.0,-4.0,-1.2201073694485087,-121.0,Backlog Relieving,2025-08,False,7,2056.1428571428573,2079.714285714286,16.577379884606216
2025-08-11,6.0,23.0,4.0,1999.0,16.0,2022.0,-12.0,-0.09881422924901129,-120.0,Backlog Relieving,2025-08,False,7,2049.714285714286,2072.0,20.030928467426747
2025-08-12,8.0,38.0,9.0,1999.0,9.0,2037.0,0.0,0.7418397626112849,-111.0,Backlog Relieving,2025-08,False,7,2044.2857142857142,2065.214285714286,16.9481000488907
2025-08-13,6.0,22.0,12.0,1997.0,17.0,2019.0,-5.0,-0.8836524300441795,-94.0,Backlog Relieving,2025-08,False,7,2038.142857142857,2058.4285714285716,17.247498094081667
2025-08-14,3.0,27.0,4.0,1994.0,11.0,2021.0,-7.0,0.0990589400693409,-99.0,Backlog Relieving,2025-08,False,7,2032.142857142857,2052.785714285714,14.194230888124745
2025-08-17,4.0,14.0,2.0,1991.0,3.0,2005.0,-1.0,-0.7916872835230127,-89.0,Backlog Relieving,2025-08,False,7,2025.2857142857142,2046.7857142857142,14.032275721849842
2025-08-18,4.0,20.0,6.0,1985.0,14.0,2005.0,-8.0,0.0,-88.0,Backlog Relieving,2025-08,False,7,2019.0,2041.4285714285713,11.210114481840323
2025-08-19,5.0,35.0,3.0,1980.0,11.0,2015.0,-8.0,0.4987531172069737,-84.0,Backlog Relieving,2025-08,False,7,2017.7142857142858,2036.9285714285713,11.056133830024113
2025-08-20,10.0,38.0,10.0,1983.0,10.0,2021.0,0.0,0.29776674937964653,-75.0,Backlog Relieving,2025-08,False,7,2017.5714285714287,2033.642857142857,10.997835286168382
2025-08-21,6.0,49.0,8.0,1972.0,21.0,2021.0,-13.0,0.0,-86.0,Backlog Relieving,2025-08,False,7,2015.2857142857142,2029.7857142857142,7.341986239028752
2025-08-24,4.0,21.0,5.0,1981.0,5.0,2002.0,0.0,-0.9401286491835692,-83.0,Backlog Relieving,2025-08,False,7,2012.857142857143,2025.5,8.610624667943718
2025-08-25,8.0,30.0,8.0,1980.0,11.0,2010.0,-3.0,0.3996003996004083,-82.0,Backlog Relieving,2025-08,False,7,2011.2857142857142,2021.7142857142858,7.846746370361658
2025-08-26,10.0,21.0,20.0,1989.0,15.0,2010.0,5.0,0.0,-67.0,Backlog Relieving,2025-08,False,7,2012.0,2018.642857142857,7.39369100625775
2025-08-27,5.0,19.0,9.0,1988.0,19.0,2007.0,-10.0,-0.14925373134327957,-66.0,Backlog Relieving,2025-08,False,7,2012.2857142857142,2015.642857142857,7.111359124722685
2025-08-28,8.0,33.0,6.0,1984.0,17.0,2017.0,-11.0,0.49825610363727346,-73.0,Backlog Relieving,2025-08,False,7,2012.5714285714287,2015.142857142857,7.276838666737577
2025-09-01,10.0,29.0,17.0,2010.0,5.0,2039.0,12.0,1.0907288051561714,-49.0,Backlog Relieving,2025-09,False,7,2015.142857142857,2016.357142857143,12.239670087010259
2025-09-02,6.0,35.0,9.0,2020.0,9.0,2055.0,0.0,0.7846983815595898,-49.0,Backlog Relieving,2025-09,False,7,2020.0,2017.642857142857,19.527758021919325
2025-09-03,4.0,29.0,11.0,2019.0,10.0,2048.0,1.0,-0.3406326034063212,-43.0,Backlog Relieving,2025-09,False,7,2026.5714285714287,2019.7142857142858,20.189577698612464
2025-09-04,11.0,40.0,2.0,2015.0,14.0,2055.0,-12.0,0.341796875,-48.0,Backlog Relieving,2025-09,False,7,2033.0,2022.142857142857,21.173883284899713
2025-09-07,4.0,19.0,9.0,2026.0,7.0,2045.0,2.0,-0.48661800486617945,-45.0,Backlog Relieving,2025-09,False,7,2038.0,2025.0,18.84144368219141
2025-09-08,7.0,25.0,5.0,2025.0,6.0,2050.0,-1.0,0.24449877750611915,-38.0,Backlog Relieving,2025-09,False,7,2044.142857142857,2028.2142857142858,13.221555273063565
2025-09-09,18.0,42.0,11.0,2023.0,14.0,2065.0,-3.0,0.7317073170731714,-33.0,Backlog Relieving,2025-09,False,7,2051.0,2031.7857142857142,8.346656018776345
2025-09-10,10.0,47.0,14.0,2025.0,18.0,2072.0,-4.0,0.3389830508474523,-37.0,Backlog Relieving,2025-09,False,7,2055.714285714286,2035.4285714285713,9.655987534539062
2025-09-11,12.0,38.0,29.0,2047.0,6.0,2085.0,23.0,0.6274131274131234,-1.0,Backlog Relieving,2025-09,False,7,2060.0,2040.0,14.651507318215325
2025-09-14,7.0,39.0,13.0,2083.0,5.0,2122.0,8.0,1.7745803357314127,7.0,Backlog Building,2025-09,False,7,2070.5714285714284,2048.5714285714284,26.475505301719274
2025-09-15,9.0,47.0,10.0,2086.0,10.0,2133.0,0.0,0.5183788878416529,10.0,Backlog Building,2025-09,False,7,2081.714285714286,2057.3571428571427,34.13558400360261
2025-09-16,7.0,28.0,17.0,2095.0,12.0,2123.0,5.0,-0.46882325363337696,10.0,Backlog Building,2025-09,False,7,2092.8571428571427,2065.4285714285716,32.860455320009855
2025-09-17,7.0,38.0,5.0,2096.0,13.0,2134.0,-8.0,0.5181347150259086,12.0,Backlog Building,2025-09,False,7,2104.8571428571427,2074.5,29.79613269936685
2025-09-18,20.0,52.0,11.0,2096.0,14.0,2148.0,-3.0,0.6560449859418949,20.0,Backlog Building,2025-09,False,7,2116.714285714286,2083.8571428571427,27.735141882939125
2025-09-21,8.0,35.0,13.0,2134.0,5.0,2169.0,8.0,0.9776536312849249,16.0,Backlog Building,2025-09,False,7,2130.5714285714284,2093.1428571428573,25.838325171102078
2025-09-22,17.0,40.0,14.0,2141.0,10.0,2181.0,4.0,0.5532503457814641,20.0,Backlog Building,2025-09,False,7,2144.285714285714,2102.1428571428573,22.932613499843644
2025-09-23,11.0,36.0,10.0,2145.0,15.0,2181.0,-5.0,0.0,14.0,Backlog Building,2025-09,False,7,2152.714285714286,2111.6428571428573,24.184804360034434
2025-09-24,3.0,38.0,12.0,2138.0,17.0,2176.0,-5.0,-0.22925263640531934,21.0,Backlog Building,2025-09,False,7,2158.8571428571427,2120.285714285714,23.800760292572885
2025-09-25,6.0,35.0,12.0,2132.0,18.0,2167.0,-6.0,-0.4136029411764719,13.0,Backlog Building,2025-09,False,7,2165.1428571428573,2129.0,17.808505191933506
2025-09-28,11.0,29.0,12.0,2146.0,9.0,2175.0,3.0,0.369173973234882,17.0,Backlog Building,2025-09,False,7,2171.0,2137.9285714285716,11.474609653268441
2025-09-29,8.0,35.0,12.0,2148.0,13.0,2183.0,-1.0,0.36781609195402076,19.0,Backlog Building,2025-09,False,7,2176.0,2146.3571428571427,6.191391875944013
2025-09-30,8.0,32.0,12.0,2159.0,7.0,2191.0,5.0,0.3664681630783262,28.0,Backlog Building,2025-09,False,7,2179.1428571428573,2154.8571428571427,7.492853740131442
2025-10-01,4.0,33.0,12.0,2163.0,14.0,2196.0,-2.0,0.22820629849384932,3.0,Backlog Building,2025-10,False,7,2181.285714285714,2162.785714285714,9.877825094602315
2025-10-02,20.0,51.0,15.0,2164.0,16.0,2215.0,-1.0,0.8652094717668479,-6.0,Backlog Relieving,2025-10,False,7,2186.1428571428573,2169.4285714285716,16.10826466458367
2025-10-05,8.0,28.0,13.0,2180.0,16.0,2208.0,-3.0,-0.31602708803611934,-9.0,Backlog Relieving,2025-10,False,7,2190.714285714286,2174.785714285714,17.250258798043394
2025-10-06,5.0,33.0,15.0,2187.0,10.0,2220.0,5.0,0.5434782608695565,-9.0,Backlog Relieving,2025-10,False,7,2198.285714285714,2181.714285714286,16.73035450708506
2025-10-07,11.0,45.0,4.0,2189.0,10.0,2234.0,-6.0,0.6306306306306242,-7.0,Backlog Relieving,2025-10,False,7,2206.714285714286,2188.8571428571427,17.867235244044
2025-10-08,8.0,49.0,15.0,2192.0,17.0,2241.0,-2.0,0.3133393017009878,-6.0,Backlog Relieving,2025-10,False,7,2215.0,2195.5,18.475208614821714
2025-10-09,11.0,55.0,13.0,2192.0,12.0,2247.0,1.0,0.2677376171352108,-13.0,Backlog Relieving,2025-10,False,7,2223.0,2201.0714285714284,18.475208614820122
2025-10-13,8.0,24.0,7.0,2223.0,6.0,2247.0,1.0,0.0,-16.0,Backlog Relieving,2025-10,False,7,2230.285714285714,2205.785714285714,15.934389286461498
2025-10-14,7.0,30.0,16.0,2235.0,8.0,2265.0,8.0,0.8010680907877266,-3.0,Backlog Relieving,2025-10,False,7,2237.4285714285716,2211.785714285714,18.875532159740484
2025-10-15,8.0,29.0,10.0,2225.0,15.0,2254.0,-5.0,-0.4856512141280356,-3.0,Backlog Relieving,2025-10,False,7,2244.0,2217.3571428571427,14.399074045262987
2025-10-16,9.0,33.0,15.0,2233.0,9.0,2266.0,6.0,0.5323868677906018,9.0,Backlog Building,2025-10,False,7,2250.5714285714284,2224.4285714285716,11.90038014714793
2025-10-19,9.0,34.0,17.0,2237.0,7.0,2271.0,10.0,0.22065313327448433,16.0,Backlog Building,2025-10,False,7,2255.8571428571427,2231.285714285714,11.524301446815441
2025-10-20,10.0,39.0,6.0,2243.0,7.0,2282.0,-1.0,0.484368119771017,16.0,Backlog Building,2025-10,False,7,2261.714285714286,2238.3571428571427,13.034752085569998
2025-10-21,13.0,39.0,17.0,2251.0,9.0,2290.0,8.0,0.35056967572304476,19.0,Backlog Building,2025-10,False,7,2267.8571428571427,2245.4285714285716,14.937966969113607
2025-10-22,12.0,42.0,13.0,2261.0,12.0,2303.0,1.0,0.5676855895196509,22.0,Backlog Building,2025-10,False,7,2275.8571428571427,2253.0714285714284,16.787183320526083
2025-10-23,4.0,27.0,26.0,2266.0,18.0,2293.0,8.0,-0.43421623968736833,31.0,Backlog Building,2025-10,False,7,2279.8571428571427,2258.6428571428573,17.101935285329315
2025-10-26,4.0,35.0,12.0,2276.0,10.0,2311.0,2.0,0.7849978194504947,36.0,Backlog Building,2025-10,False,7,2288.0,2266.0,16.28905563133373
2025-10-27,2.0,31.0,8.0,2282.0,11.0,2313.0,-3.0,0.08654262224145892,28.0,Backlog Building,2025-10,False,7,2294.714285714286,2272.6428571428573,15.370038883015392
2025-10-28,6.0,22.0,11.0,2286.0,6.0,2308.0,5.0,-0.2161694768698652,39.0,Backlog Building,2025-10,False,7,2300.0,2277.9285714285716,11.803954140905919
2025-10-29,6.0,25.0,4.0,2280.0,17.0,2305.0,-13.0,-0.12998266897746857,28.0,Backlog Building,2025-10,False,7,2303.285714285714,2282.5,8.76953601577744
2025-10-30,3.0,17.0,14.0,2287.0,12.0,2304.0,2.0,-0.04338394793925726,29.0,Backlog Building,2025-10,False,7,2305.285714285714,2286.5714285714284,6.550172664289475
2025-11-02,5.0,21.0,10.0,2277.0,7.0,2298.0,3.0,-0.26041666666666297,31.0,Backlog Building,2025-11,False,7,2304.5714285714284,2290.214285714286,7.091242085344554
2025-11-03,3.0,28.0,5.0,2269.0,12.0,2297.0,-7.0,-0.04351610095735259,16.0,Backlog Building,2025-11,False,7,2305.1428571428573,2292.5,6.094494004435609
2025-11-04,6.0,33.0,6.0,2270.0,8.0,2303.0,-2.0,0.2612102742707956,19.0,Backlog Building,2025-11,False,7,2304.0,2296.0,5.537749244405984
2025-11-05,8.0,41.0,8.0,2272.0,7.0,2313.0,1.0,0.43421623968735723,14.0,Backlog Building,2025-11,False,7,2304.0,2299.3571428571427,5.537749244405984
2025-11-06,6.0,33.0,9.0,2264.0,19.0,2297.0,-10.0,-0.6917423259835687,-6.0,Backlog Relieving,2025-11,False,7,2302.4285714285716,2301.214285714286,5.7693772898796105
2025-11-09,11.0,33.0,5.0,2294.0,4.0,2327.0,1.0,1.3060513713539335,-4.0,Backlog Relieving,2025-11,False,7,2305.5714285714284,2304.4285714285716,11.012979356784253
2025-11-11,11.0,39.0,12.0,2294.0,14.0,2333.0,-2.0,0.25784271594326835,-14.0,Backlog Relieving,2025-11,False,7,2309.714285714286,2307.5,15.041213224514493
2025-11-12,14.0,48.0,20.0,2302.0,7.0,2350.0,13.0,0.7286755250750065,-2.0,Backlog Relieving,2025-11,False,7,2317.1428571428573,2310.8571428571427,20.23551804385942
2025-11-13,6.0,26.0,16.0,2317.0,5.0,2343.0,11.0,-0.29787234042553123,1.0,Backlog Building,2025-11,False,7,2323.714285714286,2314.4285714285716,20.072487686679377
2025-11-16,5.0,22.0,3.0,2340.0,5.0,2362.0,-2.0,0.8109261630388387,-3.0,Backlog Relieving,2025-11,False,7,2332.1428571428573,2318.0714285714284,22.199313589312045
2025-11-17,1.0,35.0,6.0,2343.0,8.0,2378.0,-2.0,0.6773920406435208,-2.0,Backlog Relieving,2025-11,False,7,2341.4285714285716,2322.714285714286,26.107834985806353
2025-11-18,2.0,38.0,8.0,2345.0,12.0,2383.0,-4.0,0.2102607232968845,-11.0,Backlog Relieving,2025-11,False,7,2353.714285714286,2328.0714285714284,21.553919100674428
2025-11-19,7.0,32.0,3.0,2340.0,10.0,2372.0,-7.0,-0.46160302140159093,-5.0,Backlog Relieving,2025-11,False,7,2360.1428571428573,2332.8571428571427,18.792095603466326
2025-11-20,18.0,57.0,8.0,2340.0,9.0,2397.0,-1.0,1.0539629005059004,-8.0,Backlog Relieving,2025-11,False,7,2369.285714285714,2339.5,18.953577373810383
2025-11-23,3.0,46.0,22.0,2375.0,1.0,2421.0,21.0,1.001251564455563,10.0,Backlog Building,2025-11,False,7,2379.4285714285716,2348.285714285714,24.959014022578405
2025-11-24,9.0,40.0,9.0,2371.0,13.0,2411.0,-4.0,-0.41305245766212195,13.0,Backlog Building,2025-11,False,7,2389.1428571428573,2356.4285714285716,21.396483912932364
2025-11-25,6.0,47.0,14.0,2375.0,11.0,2422.0,3.0,0.45624222314393226,18.0,Backlog Building,2025-11,False,7,2397.714285714286,2364.9285714285716,20.71806205379537
2025-11-27,4.0,24.0,8.0,2389.0,7.0,2413.0,1.0,-0.37159372419488523,18.0,Backlog Building,2025-11,False,7,2402.714285714286,2372.0714285714284,19.34523443292684
2025-11-30,4.0,18.0,10.0,2415.0,0.0,2433.0,10.0,0.8288437629506928,38.0,Backlog Building,2025-11,False,7,2409.8571428571427,2381.785714285714,20.070115192402383
2025-12-01,4.0,26.0,4.0,2410.0,9.0,2436.0,-5.0,0.12330456226881115,32.0,Backlog Building,2025-12,False,7,2419.0,2389.5714285714284,13.428824719984739
2025-12-02,7.0,34.0,6.0,2407.0,8.0,2441.0,-2.0,0.20525451559934016,32.0,Backlog Building,2025-12,False,7,2425.285714285714,2397.285714285714,11.586116487624686
2025-12-03,4.0,32.0,8.0,2419.0,7.0,2451.0,1.0,0.4096681687832948,20.0,Backlog Building,2025-12,False,7,2429.5714285714284,2404.5,14.830791650450696
2025-12-04,16.0,39.0,7.0,2418.0,13.0,2457.0,-6.0,0.244798041615657,3.0,Backlog Building,2025-12,False,7,2436.1428571428573,2412.6428571428573,15.410262505968525
2025-12-07,4.0,24.0,13.0,2429.0,12.0,2453.0,1.0,-0.16280016280015852,6.0,Backlog Building,2025-12,False,7,2440.5714285714284,2419.1428571428573,15.120153691206175
2025-12-08,9.0,27.0,9.0,2440.0,4.0,2467.0,5.0,0.570729718711771,13.0,Backlog Building,2025-12,False,7,2448.285714285714,2425.5,12.202653888862478
2025-12-09,4.0,30.0,7.0,2443.0,8.0,2473.0,-1.0,0.2432103769760774,16.0,Backlog Building,2025-12,False,7,2454.0,2431.9285714285716,13.17826493485567
2025-12-10,10.0,54.0,5.0,2439.0,9.0,2493.0,-4.0,0.8087343307723316,19.0,Backlog Building,2025-12,False,7,2462.1428571428573,2440.5714285714284,17.199114042184227
2025-12-11,7.0,47.0,9.0,2437.0,10.0,2484.0,-1.0,-0.3610108303249149,19.0,Backlog Building,2025-12,False,7,2468.285714285714,2446.785714285714,16.028248872888764
2025-12-14,8.0,35.0,4.0,2462.0,8.0,2497.0,-4.0,0.523349436392917,-6.0,Backlog Relieving,2025-12,False,7,2474.8571428571427,2452.214285714286,17.150593493209364
2025-12-15,11.0,42.0,9.0,2470.0,7.0,2512.0,2.0,0.6007208650380402,0.0,Backlog Relieving,2025-12,False,7,2482.714285714286,2459.4285714285716,19.972600279662522
2025-12-16,8.0,54.0,15.0,2468.0,9.0,2522.0,6.0,0.398089171974525,3.0,Backlog Building,2025-12,False,7,2492.5714285714284,2466.5714285714284,19.890174650952915
2025-12-17,7.0,31.0,11.0,2481.0,10.0,2512.0,1.0,-0.3965107057890549,3.0,Backlog Building,2025-12,False,7,2499.0,2473.6428571428573,17.358955422480456
2025-12-18,11.0,50.0,6.0,2472.0,16.0,2522.0,-10.0,0.398089171974525,-17.0,Backlog Relieving,2025-12,False,7,2506.0,2480.0,14.821156051164209
2025-12-21,6.0,18.0,11.0,2484.0,14.0,2502.0,-3.0,-0.7930214115781098,-15.0,Backlog Relieving,2025-12,False,7,2507.285714285714,2484.714285714286,13.864995321469936
